{
  "relationships_blocked_users": [
    {
      "title": "jardkore",
      "string_list_data": [
        {
          "href": "https://www.instagram.com/_u/jardkore",
          "timestamp": 1662609564
        }
      ]
    },
    {
      "title": "shivanshpandey__9955",
      "string_list_data": [
        {
          "href": "https://www.instagram.com/_u/shivanshpandey__9955",
          "timestamp": 1576935642
        }
      ]
    },
    {
      "title": "4mxris",
      "string_list_data": [
        {
          "href": "https://www.instagram.com/_u/4mxris",
          "timestamp": 1572147656
        }
      ]
    },
    {
      "title": "dz.sw",
      "string_list_data": [
        {
          "href": "https://www.instagram.com/_u/dz.sw",
          "timestamp": 1534124826
        }
      ]
    },
    {
      "title": "natecrane.wav",
      "string_list_data": [
        {
          "href": "https://www.instagram.com/_u/natecrane.wav",
          "timestamp": 1513221467
        }
      ]
    },
    {
      "title": "cardanofunds",
      "string_list_data": [
        {
          "href": "https://www.instagram.com/_u/cardanofunds",
          "timestamp": 1487520329
        }
      ]
    },
    {
      "title": "jacob.sartorius.______",
      "string_list_data": [
        {
          "href": "https://www.instagram.com/_u/jacob.sartorius.______",
          "timestamp": 1486838300
        }
      ]
    }
  ]
}