{
  "relationships_close_friends": [
    {
      "title": "",
      "media_list_data": [
        
      ],
      "string_list_data": [
        {
          "href": "https://www.instagram.com/arshanrafid",
          "value": "arshanrafid",
          "timestamp": 1543877092
        }
      ]
    },
    {
      "title": "",
      "media_list_data": [
        
      ],
      "string_list_data": [
        {
          "href": "https://www.instagram.com/keaganmcglynn_",
          "value": "keaganmcglynn_",
          "timestamp": 1543877092
        }
      ]
    },
    {
      "title": "",
      "media_list_data": [
        
      ],
      "string_list_data": [
        {
          "href": "https://www.instagram.com/alex.sloboda_",
          "value": "alex.sloboda_",
          "timestamp": 1543877092
        }
      ]
    },
    {
      "title": "",
      "media_list_data": [
        
      ],
      "string_list_data": [
        {
          "href": "https://www.instagram.com/shayaan.h.11",
          "value": "shayaan.h.11",
          "timestamp": 1543877092
        }
      ]
    },
    {
      "title": "",
      "media_list_data": [
        
      ],
      "string_list_data": [
        {
          "href": "https://www.instagram.com/skaz_a",
          "value": "skaz_a",
          "timestamp": 1543877092
        }
      ]
    },
    {
      "title": "",
      "media_list_data": [
        
      ],
      "string_list_data": [
        {
          "href": "https://www.instagram.com/_umar.r_",
          "value": "_umar.r_",
          "timestamp": 1543877092
        }
      ]
    },
    {
      "title": "",
      "media_list_data": [
        
      ],
      "string_list_data": [
        {
          "href": "https://www.instagram.com/immubahsan",
          "value": "immubahsan",
          "timestamp": 1543877092
        }
      ]
    },
    {
      "title": "",
      "media_list_data": [
        
      ],
      "string_list_data": [
        {
          "href": "https://www.instagram.com/jamesaronowicz",
          "value": "jamesaronowicz",
          "timestamp": 1543877092
        }
      ]
    }
  ]
}