[
  {
    "title": "",
    "media_list_data": [
      
    ],
    "string_list_data": [
      {
        "href": "https://www.instagram.com/iconicyuggy",
        "value": "iconicyuggy",
        "timestamp": 1722123631
      }
    ]
  },
  {
    "title": "",
    "media_list_data": [
      
    ],
    "string_list_data": [
      {
        "href": "https://www.instagram.com/tarunm04",
        "value": "tarunm04",
        "timestamp": 1720879607
      }
    ]
  },
  {
    "title": "",
    "media_list_data": [
      
    ],
    "string_list_data": [
      {
        "href": "https://www.instagram.com/ratsh.gupta",
        "value": "ratsh.gupta",
        "timestamp": 1720879541
      }
    ]
  },
  {
    "title": "",
    "media_list_data": [
      
    ],
    "string_list_data": [
      {
        "href": "https://www.instagram.com/imtahasaqib",
        "value": "imtahasaqib",
        "timestamp": 1715127509
      }
    ]
  },
  {
    "title": "",
    "media_list_data": [
      
    ],
    "string_list_data": [
      {
        "href": "https://www.instagram.com/mcmastermentor",
        "value": "mcmastermentor",
        "timestamp": 1713571359
      }
    ]
  },
  {
    "title": "",
    "media_list_data": [
      
    ],
    "string_list_data": [
      {
        "href": "https://www.instagram.com/zayaannc",
        "value": "zayaannc",
        "timestamp": 1713245528
      }
    ]
  },
  {
    "title": "",
    "media_list_data": [
      
    ],
    "string_list_data": [
      {
        "href": "https://www.instagram.com/aur0bindo",
        "value": "aur0bindo",
        "timestamp": 1708637166
      }
    ]
  },
  {
    "title": "",
    "media_list_data": [
      
    ],
    "string_list_data": [
      {
        "href": "https://www.instagram.com/apuddleofjoy",
        "value": "apuddleofjoy",
        "timestamp": 1706655760
      }
    ]
  },
  {
    "title": "",
    "media_list_data": [
      
    ],
    "string_list_data": [
      {
        "href": "https://www.instagram.com/shaundeep18",
        "value": "shaundeep18",
        "timestamp": 1706297557
      }
    ]
  },
  {
    "title": "",
    "media_list_data": [
      
    ],
    "string_list_data": [
      {
        "href": "https://www.instagram.com/alex.woitzik",
        "value": "alex.woitzik",
        "timestamp": 1705096953
      }
    ]
  },
  {
    "title": "",
    "media_list_data": [
      
    ],
    "string_list_data": [
      {
        "href": "https://www.instagram.com/fenilshah05",
        "value": "fenilshah05",
        "timestamp": 1701123011
      }
    ]
  },
  {
    "title": "",
    "media_list_data": [
      
    ],
    "string_list_data": [
      {
        "href": "https://www.instagram.com/ouellette.noah",
        "value": "ouellette.noah",
        "timestamp": 1700276024
      }
    ]
  },
  {
    "title": "",
    "media_list_data": [
      
    ],
    "string_list_data": [
      {
        "href": "https://www.instagram.com/_mj.rtw",
        "value": "_mj.rtw",
        "timestamp": 1699156986
      }
    ]
  },
  {
    "title": "",
    "media_list_data": [
      
    ],
    "string_list_data": [
      {
        "href": "https://www.instagram.com/kamlinz",
        "value": "kamlinz",
        "timestamp": 1698200412
      }
    ]
  },
  {
    "title": "",
    "media_list_data": [
      
    ],
    "string_list_data": [
      {
        "href": "https://www.instagram.com/sxmiyah07",
        "value": "sxmiyah07",
        "timestamp": 1696890918
      }
    ]
  },
  {
    "title": "",
    "media_list_data": [
      
    ],
    "string_list_data": [
      {
        "href": "https://www.instagram.com/txishaa",
        "value": "txishaa",
        "timestamp": 1696861164
      }
    ]
  },
  {
    "title": "",
    "media_list_data": [
      
    ],
    "string_list_data": [
      {
        "href": "https://www.instagram.com/_jianguan",
        "value": "_jianguan",
        "timestamp": 1696554464
      }
    ]
  },
  {
    "title": "",
    "media_list_data": [
      
    ],
    "string_list_data": [
      {
        "href": "https://www.instagram.com/justin4sra",
        "value": "justin4sra",
        "timestamp": 1696188862
      }
    ]
  },
  {
    "title": "",
    "media_list_data": [
      
    ],
    "string_list_data": [
      {
        "href": "https://www.instagram.com/maceng.tea",
        "value": "maceng.tea",
        "timestamp": 1696128367
      }
    ]
  },
  {
    "title": "",
    "media_list_data": [
      
    ],
    "string_list_data": [
      {
        "href": "https://www.instagram.com/maheerhuq",
        "value": "maheerhuq",
        "timestamp": 1695953504
      }
    ]
  },
  {
    "title": "",
    "media_list_data": [
      
    ],
    "string_list_data": [
      {
        "href": "https://www.instagram.com/m1chael.w_priv",
        "value": "m1chael.w_priv",
        "timestamp": 1695489010
      }
    ]
  },
  {
    "title": "",
    "media_list_data": [
      
    ],
    "string_list_data": [
      {
        "href": "https://www.instagram.com/furqaankhurram",
        "value": "furqaankhurram",
        "timestamp": 1695412361
      }
    ]
  },
  {
    "title": "",
    "media_list_data": [
      
    ],
    "string_list_data": [
      {
        "href": "https://www.instagram.com/aashish_s.paul",
        "value": "aashish_s.paul",
        "timestamp": 1695047415
      }
    ]
  },
  {
    "title": "",
    "media_list_data": [
      
    ],
    "string_list_data": [
      {
        "href": "https://www.instagram.com/parmesh.ptl",
        "value": "parmesh.ptl",
        "timestamp": 1694726813
      }
    ]
  },
  {
    "title": "",
    "media_list_data": [
      
    ],
    "string_list_data": [
      {
        "href": "https://www.instagram.com/jack._mclean",
        "value": "jack._mclean",
        "timestamp": 1694651197
      }
    ]
  },
  {
    "title": "",
    "media_list_data": [
      
    ],
    "string_list_data": [
      {
        "href": "https://www.instagram.com/_nikguz",
        "value": "_nikguz",
        "timestamp": 1694479722
      }
    ]
  },
  {
    "title": "",
    "media_list_data": [
      
    ],
    "string_list_data": [
      {
        "href": "https://www.instagram.com/_akshayan.t",
        "value": "_akshayan.t",
        "timestamp": 1694122357
      }
    ]
  },
  {
    "title": "",
    "media_list_data": [
      
    ],
    "string_list_data": [
      {
        "href": "https://www.instagram.com/shaheer_alam_",
        "value": "shaheer_alam_",
        "timestamp": 1694036887
      }
    ]
  },
  {
    "title": "",
    "media_list_data": [
      
    ],
    "string_list_data": [
      {
        "href": "https://www.instagram.com/yug.vashisth",
        "value": "yug.vashisth",
        "timestamp": 1694024726
      }
    ]
  },
  {
    "title": "",
    "media_list_data": [
      
    ],
    "string_list_data": [
      {
        "href": "https://www.instagram.com/kaidenjessani",
        "value": "kaidenjessani",
        "timestamp": 1694005448
      }
    ]
  },
  {
    "title": "",
    "media_list_data": [
      
    ],
    "string_list_data": [
      {
        "href": "https://www.instagram.com/mcmasterchess",
        "value": "mcmasterchess",
        "timestamp": 1693963641
      }
    ]
  },
  {
    "title": "",
    "media_list_data": [
      
    ],
    "string_list_data": [
      {
        "href": "https://www.instagram.com/msu_fyc",
        "value": "msu_fyc",
        "timestamp": 1693867429
      }
    ]
  },
  {
    "title": "",
    "media_list_data": [
      
    ],
    "string_list_data": [
      {
        "href": "https://www.instagram.com/reannenhayes",
        "value": "reannenhayes",
        "timestamp": 1693866345
      }
    ]
  },
  {
    "title": "",
    "media_list_data": [
      
    ],
    "string_list_data": [
      {
        "href": "https://www.instagram.com/andreww.evans",
        "value": "andreww.evans",
        "timestamp": 1693773699
      }
    ]
  },
  {
    "title": "",
    "media_list_data": [
      
    ],
    "string_list_data": [
      {
        "href": "https://www.instagram.com/brian.nguyen2",
        "value": "brian.nguyen2",
        "timestamp": 1693516591
      }
    ]
  },
  {
    "title": "",
    "media_list_data": [
      
    ],
    "string_list_data": [
      {
        "href": "https://www.instagram.com/kaden.chxn",
        "value": "kaden.chxn",
        "timestamp": 1693512822
      }
    ]
  },
  {
    "title": "",
    "media_list_data": [
      
    ],
    "string_list_data": [
      {
        "href": "https://www.instagram.com/eilia_rez_8484",
        "value": "eilia_rez_8484",
        "timestamp": 1693512806
      }
    ]
  },
  {
    "title": "",
    "media_list_data": [
      
    ],
    "string_list_data": [
      {
        "href": "https://www.instagram.com/pasandu.sirisena",
        "value": "pasandu.sirisena",
        "timestamp": 1693512803
      }
    ]
  },
  {
    "title": "",
    "media_list_data": [
      
    ],
    "string_list_data": [
      {
        "href": "https://www.instagram.com/kareem_asswad",
        "value": "kareem_asswad",
        "timestamp": 1693512799
      }
    ]
  },
  {
    "title": "",
    "media_list_data": [
      
    ],
    "string_list_data": [
      {
        "href": "https://www.instagram.com/ayden5144",
        "value": "ayden5144",
        "timestamp": 1693265936
      }
    ]
  },
  {
    "title": "",
    "media_list_data": [
      
    ],
    "string_list_data": [
      {
        "href": "https://www.instagram.com/not_suchirrrrrr",
        "value": "not_suchirrrrrr",
        "timestamp": 1693251825
      }
    ]
  },
  {
    "title": "",
    "media_list_data": [
      
    ],
    "string_list_data": [
      {
        "href": "https://www.instagram.com/miles__18",
        "value": "miles__18",
        "timestamp": 1693246285
      }
    ]
  },
  {
    "title": "",
    "media_list_data": [
      
    ],
    "string_list_data": [
      {
        "href": "https://www.instagram.com/gxkul.r",
        "value": "gxkul.r",
        "timestamp": 1693246285
      }
    ]
  },
  {
    "title": "",
    "media_list_data": [
      
    ],
    "string_list_data": [
      {
        "href": "https://www.instagram.com/_nixboni34",
        "value": "_nixboni34",
        "timestamp": 1693239634
      }
    ]
  },
  {
    "title": "",
    "media_list_data": [
      
    ],
    "string_list_data": [
      {
        "href": "https://www.instagram.com/oween_loh",
        "value": "oween_loh",
        "timestamp": 1693231144
      }
    ]
  },
  {
    "title": "",
    "media_list_data": [
      
    ],
    "string_list_data": [
      {
        "href": "https://www.instagram.com/realorlandohuang",
        "value": "realorlandohuang",
        "timestamp": 1693178285
      }
    ]
  },
  {
    "title": "",
    "media_list_data": [
      
    ],
    "string_list_data": [
      {
        "href": "https://www.instagram.com/somethingsomethingsomeone45",
        "value": "somethingsomethingsomeone45",
        "timestamp": 1693163398
      }
    ]
  },
  {
    "title": "",
    "media_list_data": [
      
    ],
    "string_list_data": [
      {
        "href": "https://www.instagram.com/thundertornader",
        "value": "thundertornader",
        "timestamp": 1693160835
      }
    ]
  },
  {
    "title": "",
    "media_list_data": [
      
    ],
    "string_list_data": [
      {
        "href": "https://www.instagram.com/jasperperperp",
        "value": "jasperperperp",
        "timestamp": 1693160834
      }
    ]
  },
  {
    "title": "",
    "media_list_data": [
      
    ],
    "string_list_data": [
      {
        "href": "https://www.instagram.com/pranosv",
        "value": "pranosv",
        "timestamp": 1693160740
      }
    ]
  },
  {
    "title": "",
    "media_list_data": [
      
    ],
    "string_list_data": [
      {
        "href": "https://www.instagram.com/graceypatel_",
        "value": "graceypatel_",
        "timestamp": 1692471163
      }
    ]
  },
  {
    "title": "",
    "media_list_data": [
      
    ],
    "string_list_data": [
      {
        "href": "https://www.instagram.com/a_khan387",
        "value": "a_khan387",
        "timestamp": 1691349998
      }
    ]
  },
  {
    "title": "",
    "media_list_data": [
      
    ],
    "string_list_data": [
      {
        "href": "https://www.instagram.com/keny.liu.10",
        "value": "keny.liu.10",
        "timestamp": 1690923084
      }
    ]
  },
  {
    "title": "",
    "media_list_data": [
      
    ],
    "string_list_data": [
      {
        "href": "https://www.instagram.com/j3slyn._b12",
        "value": "j3slyn._b12",
        "timestamp": 1690575928
      }
    ]
  },
  {
    "title": "",
    "media_list_data": [
      
    ],
    "string_list_data": [
      {
        "href": "https://www.instagram.com/akshey3n_05",
        "value": "akshey3n_05",
        "timestamp": 1690515022
      }
    ]
  },
  {
    "title": "",
    "media_list_data": [
      
    ],
    "string_list_data": [
      {
        "href": "https://www.instagram.com/priyahayre7",
        "value": "priyahayre7",
        "timestamp": 1690155362
      }
    ]
  },
  {
    "title": "",
    "media_list_data": [
      
    ],
    "string_list_data": [
      {
        "href": "https://www.instagram.com/zainr_7",
        "value": "zainr_7",
        "timestamp": 1689882702
      }
    ]
  },
  {
    "title": "",
    "media_list_data": [
      
    ],
    "string_list_data": [
      {
        "href": "https://www.instagram.com/katiee.annne",
        "value": "katiee.annne",
        "timestamp": 1689871207
      }
    ]
  },
  {
    "title": "",
    "media_list_data": [
      
    ],
    "string_list_data": [
      {
        "href": "https://www.instagram.com/ronit_patel05",
        "value": "ronit_patel05",
        "timestamp": 1689816969
      }
    ]
  },
  {
    "title": "",
    "media_list_data": [
      
    ],
    "string_list_data": [
      {
        "href": "https://www.instagram.com/s_samp1475",
        "value": "s_samp1475",
        "timestamp": 1689816953
      }
    ]
  },
  {
    "title": "",
    "media_list_data": [
      
    ],
    "string_list_data": [
      {
        "href": "https://www.instagram.com/_no.ot_",
        "value": "_no.ot_",
        "timestamp": 1689816949
      }
    ]
  },
  {
    "title": "",
    "media_list_data": [
      
    ],
    "string_list_data": [
      {
        "href": "https://www.instagram.com/_krrish05",
        "value": "_krrish05",
        "timestamp": 1689803194
      }
    ]
  },
  {
    "title": "",
    "media_list_data": [
      
    ],
    "string_list_data": [
      {
        "href": "https://www.instagram.com/meredith.gullett",
        "value": "meredith.gullett",
        "timestamp": 1689803185
      }
    ]
  },
  {
    "title": "",
    "media_list_data": [
      
    ],
    "string_list_data": [
      {
        "href": "https://www.instagram.com/tumaris.isimjan",
        "value": "tumaris.isimjan",
        "timestamp": 1689802712
      }
    ]
  },
  {
    "title": "",
    "media_list_data": [
      
    ],
    "string_list_data": [
      {
        "href": "https://www.instagram.com/itsmuzzz1",
        "value": "itsmuzzz1",
        "timestamp": 1689216218
      }
    ]
  },
  {
    "title": "",
    "media_list_data": [
      
    ],
    "string_list_data": [
      {
        "href": "https://www.instagram.com/nusrat.afroz123",
        "value": "nusrat.afroz123",
        "timestamp": 1689144104
      }
    ]
  },
  {
    "title": "",
    "media_list_data": [
      
    ],
    "string_list_data": [
      {
        "href": "https://www.instagram.com/tylerpoirier_",
        "value": "tylerpoirier_",
        "timestamp": 1689041800
      }
    ]
  },
  {
    "title": "",
    "media_list_data": [
      
    ],
    "string_list_data": [
      {
        "href": "https://www.instagram.com/rawan.you.nis",
        "value": "rawan.you.nis",
        "timestamp": 1688402723
      }
    ]
  },
  {
    "title": "",
    "media_list_data": [
      
    ],
    "string_list_data": [
      {
        "href": "https://www.instagram.com/atif_s23",
        "value": "atif_s23",
        "timestamp": 1687553932
      }
    ]
  },
  {
    "title": "",
    "media_list_data": [
      
    ],
    "string_list_data": [
      {
        "href": "https://www.instagram.com/sinclairseniorspirtweek",
        "value": "sinclairseniorspirtweek",
        "timestamp": 1685280400
      }
    ]
  },
  {
    "title": "",
    "media_list_data": [
      
    ],
    "string_list_data": [
      {
        "href": "https://www.instagram.com/daniyaxo",
        "value": "daniyaxo",
        "timestamp": 1684263562
      }
    ]
  },
  {
    "title": "",
    "media_list_data": [
      
    ],
    "string_list_data": [
      {
        "href": "https://www.instagram.com/jasonsong___",
        "value": "jasonsong___",
        "timestamp": 1683170230
      }
    ]
  },
  {
    "title": "",
    "media_list_data": [
      
    ],
    "string_list_data": [
      {
        "href": "https://www.instagram.com/liveatsinclair",
        "value": "liveatsinclair",
        "timestamp": 1683150524
      }
    ]
  },
  {
    "title": "",
    "media_list_data": [
      
    ],
    "string_list_data": [
      {
        "href": "https://www.instagram.com/clickforzain",
        "value": "clickforzain",
        "timestamp": 1683061175
      }
    ]
  },
  {
    "title": "",
    "media_list_data": [
      
    ],
    "string_list_data": [
      {
        "href": "https://www.instagram.com/kaznewaccount",
        "value": "kaznewaccount",
        "timestamp": 1679801752
      }
    ]
  },
  {
    "title": "",
    "media_list_data": [
      
    ],
    "string_list_data": [
      {
        "href": "https://www.instagram.com/chuli.kate__",
        "value": "chuli.kate__",
        "timestamp": 1679357697
      }
    ]
  },
  {
    "title": "",
    "media_list_data": [
      
    ],
    "string_list_data": [
      {
        "href": "https://www.instagram.com/matti_shook028",
        "value": "matti_shook028",
        "timestamp": 1678917976
      }
    ]
  },
  {
    "title": "",
    "media_list_data": [
      
    ],
    "string_list_data": [
      {
        "href": "https://www.instagram.com/jjjaxson05",
        "value": "jjjaxson05",
        "timestamp": 1668298869
      }
    ]
  },
  {
    "title": "",
    "media_list_data": [
      
    ],
    "string_list_data": [
      {
        "href": "https://www.instagram.com/sanayprince",
        "value": "sanayprince",
        "timestamp": 1667843770
      }
    ]
  },
  {
    "title": "",
    "media_list_data": [
      
    ],
    "string_list_data": [
      {
        "href": "https://www.instagram.com/basel.tawfik",
        "value": "basel.tawfik",
        "timestamp": 1667062648
      }
    ]
  },
  {
    "title": "",
    "media_list_data": [
      
    ],
    "string_list_data": [
      {
        "href": "https://www.instagram.com/sidd.ganji05",
        "value": "sidd.ganji05",
        "timestamp": 1667062646
      }
    ]
  },
  {
    "title": "",
    "media_list_data": [
      
    ],
    "string_list_data": [
      {
        "href": "https://www.instagram.com/lade_koya",
        "value": "lade_koya",
        "timestamp": 1666097619
      }
    ]
  },
  {
    "title": "",
    "media_list_data": [
      
    ],
    "string_list_data": [
      {
        "href": "https://www.instagram.com/seam.ush_",
        "value": "seam.ush_",
        "timestamp": 1665504241
      }
    ]
  },
  {
    "title": "",
    "media_list_data": [
      
    ],
    "string_list_data": [
      {
        "href": "https://www.instagram.com/dena.beanzzz",
        "value": "dena.beanzzz",
        "timestamp": 1665504219
      }
    ]
  },
  {
    "title": "",
    "media_list_data": [
      
    ],
    "string_list_data": [
      {
        "href": "https://www.instagram.com/arnabinextdoor",
        "value": "arnabinextdoor",
        "timestamp": 1665504217
      }
    ]
  },
  {
    "title": "",
    "media_list_data": [
      
    ],
    "string_list_data": [
      {
        "href": "https://www.instagram.com/abdullahscity",
        "value": "abdullahscity",
        "timestamp": 1664646303
      }
    ]
  },
  {
    "title": "",
    "media_list_data": [
      
    ],
    "string_list_data": [
      {
        "href": "https://www.instagram.com/calvintran18",
        "value": "calvintran18",
        "timestamp": 1664073325
      }
    ]
  },
  {
    "title": "",
    "media_list_data": [
      
    ],
    "string_list_data": [
      {
        "href": "https://www.instagram.com/_lana_wehbeh_",
        "value": "_lana_wehbeh_",
        "timestamp": 1661970759
      }
    ]
  },
  {
    "title": "",
    "media_list_data": [
      
    ],
    "string_list_data": [
      {
        "href": "https://www.instagram.com/isabelle._harrison",
        "value": "isabelle._harrison",
        "timestamp": 1661614505
      }
    ]
  },
  {
    "title": "",
    "media_list_data": [
      
    ],
    "string_list_data": [
      {
        "href": "https://www.instagram.com/kale.juteau",
        "value": "kale.juteau",
        "timestamp": 1661610160
      }
    ]
  },
  {
    "title": "",
    "media_list_data": [
      
    ],
    "string_list_data": [
      {
        "href": "https://www.instagram.com/cayla_nunctempus",
        "value": "cayla_nunctempus",
        "timestamp": 1661526506
      }
    ]
  },
  {
    "title": "",
    "media_list_data": [
      
    ],
    "string_list_data": [
      {
        "href": "https://www.instagram.com/endless_tries",
        "value": "endless_tries",
        "timestamp": 1661522823
      }
    ]
  },
  {
    "title": "",
    "media_list_data": [
      
    ],
    "string_list_data": [
      {
        "href": "https://www.instagram.com/hashim.225",
        "value": "hashim.225",
        "timestamp": 1661522816
      }
    ]
  },
  {
    "title": "",
    "media_list_data": [
      
    ],
    "string_list_data": [
      {
        "href": "https://www.instagram.com/carley_spriggs",
        "value": "carley_spriggs",
        "timestamp": 1661522814
      }
    ]
  },
  {
    "title": "",
    "media_list_data": [
      
    ],
    "string_list_data": [
      {
        "href": "https://www.instagram.com/lukeduchesne22",
        "value": "lukeduchesne22",
        "timestamp": 1661482463
      }
    ]
  },
  {
    "title": "",
    "media_list_data": [
      
    ],
    "string_list_data": [
      {
        "href": "https://www.instagram.com/diyon19_dematagoda",
        "value": "diyon19_dematagoda",
        "timestamp": 1661479078
      }
    ]
  },
  {
    "title": "",
    "media_list_data": [
      
    ],
    "string_list_data": [
      {
        "href": "https://www.instagram.com/sohile_farah",
        "value": "sohile_farah",
        "timestamp": 1661447848
      }
    ]
  },
  {
    "title": "",
    "media_list_data": [
      
    ],
    "string_list_data": [
      {
        "href": "https://www.instagram.com/h.crock3",
        "value": "h.crock3",
        "timestamp": 1661446645
      }
    ]
  },
  {
    "title": "",
    "media_list_data": [
      
    ],
    "string_list_data": [
      {
        "href": "https://www.instagram.com/buhneen",
        "value": "buhneen",
        "timestamp": 1661446644
      }
    ]
  },
  {
    "title": "",
    "media_list_data": [
      
    ],
    "string_list_data": [
      {
        "href": "https://www.instagram.com/jeevika._",
        "value": "jeevika._",
        "timestamp": 1661446644
      }
    ]
  },
  {
    "title": "",
    "media_list_data": [
      
    ],
    "string_list_data": [
      {
        "href": "https://www.instagram.com/renuka.0613",
        "value": "renuka.0613",
        "timestamp": 1661446637
      }
    ]
  },
  {
    "title": "",
    "media_list_data": [
      
    ],
    "string_list_data": [
      {
        "href": "https://www.instagram.com/griffin.mbonda",
        "value": "griffin.mbonda",
        "timestamp": 1660513550
      }
    ]
  },
  {
    "title": "",
    "media_list_data": [
      
    ],
    "string_list_data": [
      {
        "href": "https://www.instagram.com/poojan_1842",
        "value": "poojan_1842",
        "timestamp": 1660450679
      }
    ]
  },
  {
    "title": "",
    "media_list_data": [
      
    ],
    "string_list_data": [
      {
        "href": "https://www.instagram.com/majeedah.khann",
        "value": "majeedah.khann",
        "timestamp": 1660450677
      }
    ]
  },
  {
    "title": "",
    "media_list_data": [
      
    ],
    "string_list_data": [
      {
        "href": "https://www.instagram.com/sidrasaqib0712",
        "value": "sidrasaqib0712",
        "timestamp": 1660425564
      }
    ]
  },
  {
    "title": "",
    "media_list_data": [
      
    ],
    "string_list_data": [
      {
        "href": "https://www.instagram.com/jameslamothe6",
        "value": "jameslamothe6",
        "timestamp": 1660267890
      }
    ]
  },
  {
    "title": "",
    "media_list_data": [
      
    ],
    "string_list_data": [
      {
        "href": "https://www.instagram.com/saibahker",
        "value": "saibahker",
        "timestamp": 1659921053
      }
    ]
  },
  {
    "title": "",
    "media_list_data": [
      
    ],
    "string_list_data": [
      {
        "href": "https://www.instagram.com/shreya.vivek",
        "value": "shreya.vivek",
        "timestamp": 1659907301
      }
    ]
  },
  {
    "title": "",
    "media_list_data": [
      
    ],
    "string_list_data": [
      {
        "href": "https://www.instagram.com/fighterfarasat",
        "value": "fighterfarasat",
        "timestamp": 1659493004
      }
    ]
  },
  {
    "title": "",
    "media_list_data": [
      
    ],
    "string_list_data": [
      {
        "href": "https://www.instagram.com/ericatheivs",
        "value": "ericatheivs",
        "timestamp": 1659488304
      }
    ]
  },
  {
    "title": "",
    "media_list_data": [
      
    ],
    "string_list_data": [
      {
        "href": "https://www.instagram.com/gabriellesolomon_",
        "value": "gabriellesolomon_",
        "timestamp": 1659194209
      }
    ]
  },
  {
    "title": "",
    "media_list_data": [
      
    ],
    "string_list_data": [
      {
        "href": "https://www.instagram.com/azimvahora19",
        "value": "azimvahora19",
        "timestamp": 1659118864
      }
    ]
  },
  {
    "title": "",
    "media_list_data": [
      
    ],
    "string_list_data": [
      {
        "href": "https://www.instagram.com/reese.chong19",
        "value": "reese.chong19",
        "timestamp": 1659105664
      }
    ]
  },
  {
    "title": "",
    "media_list_data": [
      
    ],
    "string_list_data": [
      {
        "href": "https://www.instagram.com/fizan10_",
        "value": "fizan10_",
        "timestamp": 1659105661
      }
    ]
  },
  {
    "title": "",
    "media_list_data": [
      
    ],
    "string_list_data": [
      {
        "href": "https://www.instagram.com/behzad___09",
        "value": "behzad___09",
        "timestamp": 1659077015
      }
    ]
  },
  {
    "title": "",
    "media_list_data": [
      
    ],
    "string_list_data": [
      {
        "href": "https://www.instagram.com/hamzah.saeed.17",
        "value": "hamzah.saeed.17",
        "timestamp": 1659077014
      }
    ]
  },
  {
    "title": "",
    "media_list_data": [
      
    ],
    "string_list_data": [
      {
        "href": "https://www.instagram.com/mridul_khanna30",
        "value": "mridul_khanna30",
        "timestamp": 1659071612
      }
    ]
  },
  {
    "title": "",
    "media_list_data": [
      
    ],
    "string_list_data": [
      {
        "href": "https://www.instagram.com/slididn",
        "value": "slididn",
        "timestamp": 1659049010
      }
    ]
  },
  {
    "title": "",
    "media_list_data": [
      
    ],
    "string_list_data": [
      {
        "href": "https://www.instagram.com/justkaden___",
        "value": "justkaden___",
        "timestamp": 1659039949
      }
    ]
  },
  {
    "title": "",
    "media_list_data": [
      
    ],
    "string_list_data": [
      {
        "href": "https://www.instagram.com/mcgamezlive",
        "value": "mcgamezlive",
        "timestamp": 1659039173
      }
    ]
  },
  {
    "title": "",
    "media_list_data": [
      
    ],
    "string_list_data": [
      {
        "href": "https://www.instagram.com/fah4d_c",
        "value": "fah4d_c",
        "timestamp": 1659039152
      }
    ]
  },
  {
    "title": "",
    "media_list_data": [
      
    ],
    "string_list_data": [
      {
        "href": "https://www.instagram.com/_hannah__04",
        "value": "_hannah__04",
        "timestamp": 1658974393
      }
    ]
  },
  {
    "title": "",
    "media_list_data": [
      
    ],
    "string_list_data": [
      {
        "href": "https://www.instagram.com/_khushii.p_",
        "value": "_khushii.p_",
        "timestamp": 1658807000
      }
    ]
  },
  {
    "title": "",
    "media_list_data": [
      
    ],
    "string_list_data": [
      {
        "href": "https://www.instagram.com/melody.zha",
        "value": "melody.zha",
        "timestamp": 1658798953
      }
    ]
  },
  {
    "title": "",
    "media_list_data": [
      
    ],
    "string_list_data": [
      {
        "href": "https://www.instagram.com/jesh.rc",
        "value": "jesh.rc",
        "timestamp": 1658798952
      }
    ]
  },
  {
    "title": "",
    "media_list_data": [
      
    ],
    "string_list_data": [
      {
        "href": "https://www.instagram.com/andrewslacky",
        "value": "andrewslacky",
        "timestamp": 1658798126
      }
    ]
  },
  {
    "title": "",
    "media_list_data": [
      
    ],
    "string_list_data": [
      {
        "href": "https://www.instagram.com/meghana.augustin",
        "value": "meghana.augustin",
        "timestamp": 1658793569
      }
    ]
  },
  {
    "title": "",
    "media_list_data": [
      
    ],
    "string_list_data": [
      {
        "href": "https://www.instagram.com/abigail.mcleodd",
        "value": "abigail.mcleodd",
        "timestamp": 1658786451
      }
    ]
  },
  {
    "title": "",
    "media_list_data": [
      
    ],
    "string_list_data": [
      {
        "href": "https://www.instagram.com/ketxel.m",
        "value": "ketxel.m",
        "timestamp": 1658553626
      }
    ]
  },
  {
    "title": "",
    "media_list_data": [
      
    ],
    "string_list_data": [
      {
        "href": "https://www.instagram.com/shlokp7",
        "value": "shlokp7",
        "timestamp": 1658460471
      }
    ]
  },
  {
    "title": "",
    "media_list_data": [
      
    ],
    "string_list_data": [
      {
        "href": "https://www.instagram.com/omer.alii__",
        "value": "omer.alii__",
        "timestamp": 1658459765
      }
    ]
  },
  {
    "title": "",
    "media_list_data": [
      
    ],
    "string_list_data": [
      {
        "href": "https://www.instagram.com/sayf.rafiq",
        "value": "sayf.rafiq",
        "timestamp": 1658459465
      }
    ]
  },
  {
    "title": "",
    "media_list_data": [
      
    ],
    "string_list_data": [
      {
        "href": "https://www.instagram.com/hosaiii_d",
        "value": "hosaiii_d",
        "timestamp": 1655787698
      }
    ]
  },
  {
    "title": "",
    "media_list_data": [
      
    ],
    "string_list_data": [
      {
        "href": "https://www.instagram.com/musabh0720",
        "value": "musabh0720",
        "timestamp": 1648841986
      }
    ]
  },
  {
    "title": "",
    "media_list_data": [
      
    ],
    "string_list_data": [
      {
        "href": "https://www.instagram.com/babygirl.j3n",
        "value": "babygirl.j3n",
        "timestamp": 1648841985
      }
    ]
  },
  {
    "title": "",
    "media_list_data": [
      
    ],
    "string_list_data": [
      {
        "href": "https://www.instagram.com/alyssageorgiadis",
        "value": "alyssageorgiadis",
        "timestamp": 1648594011
      }
    ]
  },
  {
    "title": "",
    "media_list_data": [
      
    ],
    "string_list_data": [
      {
        "href": "https://www.instagram.com/syedtahasaqib2003",
        "value": "syedtahasaqib2003",
        "timestamp": 1646853627
      }
    ]
  },
  {
    "title": "",
    "media_list_data": [
      
    ],
    "string_list_data": [
      {
        "href": "https://www.instagram.com/fatima.syed0",
        "value": "fatima.syed0",
        "timestamp": 1645320021
      }
    ]
  },
  {
    "title": "",
    "media_list_data": [
      
    ],
    "string_list_data": [
      {
        "href": "https://www.instagram.com/imjrdane",
        "value": "imjrdane",
        "timestamp": 1639805818
      }
    ]
  },
  {
    "title": "",
    "media_list_data": [
      
    ],
    "string_list_data": [
      {
        "href": "https://www.instagram.com/zxid.3604",
        "value": "zxid.3604",
        "timestamp": 1639098783
      }
    ]
  },
  {
    "title": "",
    "media_list_data": [
      
    ],
    "string_list_data": [
      {
        "href": "https://www.instagram.com/yxng_anthoney",
        "value": "yxng_anthoney",
        "timestamp": 1638846836
      }
    ]
  },
  {
    "title": "",
    "media_list_data": [
      
    ],
    "string_list_data": [
      {
        "href": "https://www.instagram.com/jj87___",
        "value": "jj87___",
        "timestamp": 1638678977
      }
    ]
  },
  {
    "title": "",
    "media_list_data": [
      
    ],
    "string_list_data": [
      {
        "href": "https://www.instagram.com/jake.moutsatsos",
        "value": "jake.moutsatsos",
        "timestamp": 1638398724
      }
    ]
  },
  {
    "title": "",
    "media_list_data": [
      
    ],
    "string_list_data": [
      {
        "href": "https://www.instagram.com/juliatemelkovski",
        "value": "juliatemelkovski",
        "timestamp": 1637038496
      }
    ]
  },
  {
    "title": "",
    "media_list_data": [
      
    ],
    "string_list_data": [
      {
        "href": "https://www.instagram.com/arshanrafidpriv",
        "value": "arshanrafidpriv",
        "timestamp": 1636572081
      }
    ]
  },
  {
    "title": "",
    "media_list_data": [
      
    ],
    "string_list_data": [
      {
        "href": "https://www.instagram.com/m1chael.w_",
        "value": "m1chael.w_",
        "timestamp": 1636262182
      }
    ]
  },
  {
    "title": "",
    "media_list_data": [
      
    ],
    "string_list_data": [
      {
        "href": "https://www.instagram.com/rayankhalil2005",
        "value": "rayankhalil2005",
        "timestamp": 1636064337
      }
    ]
  },
  {
    "title": "",
    "media_list_data": [
      
    ],
    "string_list_data": [
      {
        "href": "https://www.instagram.com/annvalookaran",
        "value": "annvalookaran",
        "timestamp": 1635819695
      }
    ]
  },
  {
    "title": "",
    "media_list_data": [
      
    ],
    "string_list_data": [
      {
        "href": "https://www.instagram.com/sinclair_mwc",
        "value": "sinclair_mwc",
        "timestamp": 1635186516
      }
    ]
  },
  {
    "title": "",
    "media_list_data": [
      
    ],
    "string_list_data": [
      {
        "href": "https://www.instagram.com/madiii_026",
        "value": "madiii_026",
        "timestamp": 1634844477
      }
    ]
  },
  {
    "title": "",
    "media_list_data": [
      
    ],
    "string_list_data": [
      {
        "href": "https://www.instagram.com/hanvitha.bosigari",
        "value": "hanvitha.bosigari",
        "timestamp": 1634597530
      }
    ]
  },
  {
    "title": "",
    "media_list_data": [
      
    ],
    "string_list_data": [
      {
        "href": "https://www.instagram.com/casekadal",
        "value": "casekadal",
        "timestamp": 1633192146
      }
    ]
  },
  {
    "title": "",
    "media_list_data": [
      
    ],
    "string_list_data": [
      {
        "href": "https://www.instagram.com/sinclair_business",
        "value": "sinclair_business",
        "timestamp": 1632357469
      }
    ]
  },
  {
    "title": "",
    "media_list_data": [
      
    ],
    "string_list_data": [
      {
        "href": "https://www.instagram.com/aidan.lao",
        "value": "aidan.lao",
        "timestamp": 1631279909
      }
    ]
  },
  {
    "title": "",
    "media_list_data": [
      
    ],
    "string_list_data": [
      {
        "href": "https://www.instagram.com/suhahassann",
        "value": "suhahassann",
        "timestamp": 1625423937
      }
    ]
  },
  {
    "title": "",
    "media_list_data": [
      
    ],
    "string_list_data": [
      {
        "href": "https://www.instagram.com/arphotography.226",
        "value": "arphotography.226",
        "timestamp": 1622698092
      }
    ]
  },
  {
    "title": "",
    "media_list_data": [
      
    ],
    "string_list_data": [
      {
        "href": "https://www.instagram.com/keshew_a",
        "value": "keshew_a",
        "timestamp": 1621984034
      }
    ]
  },
  {
    "title": "",
    "media_list_data": [
      
    ],
    "string_list_data": [
      {
        "href": "https://www.instagram.com/power_ofcode",
        "value": "power_ofcode",
        "timestamp": 1621647838
      }
    ]
  },
  {
    "title": "",
    "media_list_data": [
      
    ],
    "string_list_data": [
      {
        "href": "https://www.instagram.com/ali_abbas_5287",
        "value": "ali_abbas_5287",
        "timestamp": 1621647723
      }
    ]
  },
  {
    "title": "",
    "media_list_data": [
      
    ],
    "string_list_data": [
      {
        "href": "https://www.instagram.com/akash.sankersingh_",
        "value": "akash.sankersingh_",
        "timestamp": 1620669224
      }
    ]
  },
  {
    "title": "",
    "media_list_data": [
      
    ],
    "string_list_data": [
      {
        "href": "https://www.instagram.com/sidnxy.04",
        "value": "sidnxy.04",
        "timestamp": 1618110745
      }
    ]
  },
  {
    "title": "",
    "media_list_data": [
      
    ],
    "string_list_data": [
      {
        "href": "https://www.instagram.com/bruhmomentumspam",
        "value": "bruhmomentumspam",
        "timestamp": 1617726309
      }
    ]
  },
  {
    "title": "",
    "media_list_data": [
      
    ],
    "string_list_data": [
      {
        "href": "https://www.instagram.com/azkaa.waqar",
        "value": "azkaa.waqar",
        "timestamp": 1617585392
      }
    ]
  },
  {
    "title": "",
    "media_list_data": [
      
    ],
    "string_list_data": [
      {
        "href": "https://www.instagram.com/rb_guitar05",
        "value": "rb_guitar05",
        "timestamp": 1615308175
      }
    ]
  },
  {
    "title": "",
    "media_list_data": [
      
    ],
    "string_list_data": [
      {
        "href": "https://www.instagram.com/exotix_xdonny",
        "value": "exotix_xdonny",
        "timestamp": 1614970556
      }
    ]
  },
  {
    "title": "",
    "media_list_data": [
      
    ],
    "string_list_data": [
      {
        "href": "https://www.instagram.com/rahim.waheed0",
        "value": "rahim.waheed0",
        "timestamp": 1614920973
      }
    ]
  },
  {
    "title": "",
    "media_list_data": [
      
    ],
    "string_list_data": [
      {
        "href": "https://www.instagram.com/highperformingstudent",
        "value": "highperformingstudent",
        "timestamp": 1614790340
      }
    ]
  },
  {
    "title": "",
    "media_list_data": [
      
    ],
    "string_list_data": [
      {
        "href": "https://www.instagram.com/marshallrombaoa",
        "value": "marshallrombaoa",
        "timestamp": 1612033313
      }
    ]
  },
  {
    "title": "",
    "media_list_data": [
      
    ],
    "string_list_data": [
      {
        "href": "https://www.instagram.com/dropinformate",
        "value": "dropinformate",
        "timestamp": 1611361071
      }
    ]
  },
  {
    "title": "",
    "media_list_data": [
      
    ],
    "string_list_data": [
      {
        "href": "https://www.instagram.com/annheart6_6",
        "value": "annheart6_6",
        "timestamp": 1607607379
      }
    ]
  },
  {
    "title": "",
    "media_list_data": [
      
    ],
    "string_list_data": [
      {
        "href": "https://www.instagram.com/brandon.5._",
        "value": "brandon.5._",
        "timestamp": 1607315202
      }
    ]
  },
  {
    "title": "",
    "media_list_data": [
      
    ],
    "string_list_data": [
      {
        "href": "https://www.instagram.com/crumbtw_",
        "value": "crumbtw_",
        "timestamp": 1606788192
      }
    ]
  },
  {
    "title": "",
    "media_list_data": [
      
    ],
    "string_list_data": [
      {
        "href": "https://www.instagram.com/darkking98___",
        "value": "darkking98___",
        "timestamp": 1604934808
      }
    ]
  },
  {
    "title": "",
    "media_list_data": [
      
    ],
    "string_list_data": [
      {
        "href": "https://www.instagram.com/sinclair_confessions",
        "value": "sinclair_confessions",
        "timestamp": 1599019092
      }
    ]
  },
  {
    "title": "",
    "media_list_data": [
      
    ],
    "string_list_data": [
      {
        "href": "https://www.instagram.com/luciez_.spam",
        "value": "luciez_.spam",
        "timestamp": 1598820201
      }
    ]
  },
  {
    "title": "",
    "media_list_data": [
      
    ],
    "string_list_data": [
      {
        "href": "https://www.instagram.com/luke12222",
        "value": "luke12222",
        "timestamp": 1598744836
      }
    ]
  },
  {
    "title": "",
    "media_list_data": [
      
    ],
    "string_list_data": [
      {
        "href": "https://www.instagram.com/vareesha.rkive",
        "value": "vareesha.rkive",
        "timestamp": 1596344613
      }
    ]
  },
  {
    "title": "",
    "media_list_data": [
      
    ],
    "string_list_data": [
      {
        "href": "https://www.instagram.com/ennoj_2007",
        "value": "ennoj_2007",
        "timestamp": 1595525225
      }
    ]
  },
  {
    "title": "",
    "media_list_data": [
      
    ],
    "string_list_data": [
      {
        "href": "https://www.instagram.com/nickk.maltezos",
        "value": "nickk.maltezos",
        "timestamp": 1594786879
      }
    ]
  },
  {
    "title": "",
    "media_list_data": [
      
    ],
    "string_list_data": [
      {
        "href": "https://www.instagram.com/harithvvv",
        "value": "harithvvv",
        "timestamp": 1594244411
      }
    ]
  },
  {
    "title": "",
    "media_list_data": [
      
    ],
    "string_list_data": [
      {
        "href": "https://www.instagram.com/nba2k.20opalcodes",
        "value": "nba2k.20opalcodes",
        "timestamp": 1593667267
      }
    ]
  },
  {
    "title": "",
    "media_list_data": [
      
    ],
    "string_list_data": [
      {
        "href": "https://www.instagram.com/muslim.success.doc",
        "value": "muslim.success.doc",
        "timestamp": 1592191494
      }
    ]
  },
  {
    "title": "",
    "media_list_data": [
      
    ],
    "string_list_data": [
      {
        "href": "https://www.instagram.com/shruthi_backup",
        "value": "shruthi_backup",
        "timestamp": 1591815128
      }
    ]
  },
  {
    "title": "",
    "media_list_data": [
      
    ],
    "string_list_data": [
      {
        "href": "https://www.instagram.com/bilalamray",
        "value": "bilalamray",
        "timestamp": 1591219816
      }
    ]
  },
  {
    "title": "",
    "media_list_data": [
      
    ],
    "string_list_data": [
      {
        "href": "https://www.instagram.com/ana.argiriou",
        "value": "ana.argiriou",
        "timestamp": 1591034473
      }
    ]
  },
  {
    "title": "",
    "media_list_data": [
      
    ],
    "string_list_data": [
      {
        "href": "https://www.instagram.com/retardcomments",
        "value": "retardcomments",
        "timestamp": 1589761116
      }
    ]
  },
  {
    "title": "",
    "media_list_data": [
      
    ],
    "string_list_data": [
      {
        "href": "https://www.instagram.com/thriveontario",
        "value": "thriveontario",
        "timestamp": 1589386186
      }
    ]
  },
  {
    "title": "",
    "media_list_data": [
      
    ],
    "string_list_data": [
      {
        "href": "https://www.instagram.com/itisartiii",
        "value": "itisartiii",
        "timestamp": 1588602423
      }
    ]
  },
  {
    "title": "",
    "media_list_data": [
      
    ],
    "string_list_data": [
      {
        "href": "https://www.instagram.com/madelynfeaver",
        "value": "madelynfeaver",
        "timestamp": 1587791776
      }
    ]
  },
  {
    "title": "",
    "media_list_data": [
      
    ],
    "string_list_data": [
      {
        "href": "https://www.instagram.com/cooper_.n",
        "value": "cooper_.n",
        "timestamp": 1587236236
      }
    ]
  },
  {
    "title": "",
    "media_list_data": [
      
    ],
    "string_list_data": [
      {
        "href": "https://www.instagram.com/business.warehouse",
        "value": "business.warehouse",
        "timestamp": 1586912763
      }
    ]
  },
  {
    "title": "",
    "media_list_data": [
      
    ],
    "string_list_data": [
      {
        "href": "https://www.instagram.com/ykstacks",
        "value": "ykstacks",
        "timestamp": 1586479393
      }
    ]
  },
  {
    "title": "",
    "media_list_data": [
      
    ],
    "string_list_data": [
      {
        "href": "https://www.instagram.com/amilija_soccer",
        "value": "amilija_soccer",
        "timestamp": 1584807334
      }
    ]
  },
  {
    "title": "",
    "media_list_data": [
      
    ],
    "string_list_data": [
      {
        "href": "https://www.instagram.com/asebomb5",
        "value": "asebomb5",
        "timestamp": 1583980777
      }
    ]
  },
  {
    "title": "",
    "media_list_data": [
      
    ],
    "string_list_data": [
      {
        "href": "https://www.instagram.com/noaha30_",
        "value": "noaha30_",
        "timestamp": 1582904112
      }
    ]
  },
  {
    "title": "",
    "media_list_data": [
      
    ],
    "string_list_data": [
      {
        "href": "https://www.instagram.com/786xsh",
        "value": "786xsh",
        "timestamp": 1582868312
      }
    ]
  },
  {
    "title": "",
    "media_list_data": [
      
    ],
    "string_list_data": [
      {
        "href": "https://www.instagram.com/derek.v.z",
        "value": "derek.v.z",
        "timestamp": 1582499359
      }
    ]
  },
  {
    "title": "",
    "media_list_data": [
      
    ],
    "string_list_data": [
      {
        "href": "https://www.instagram.com/ayeshamaiwand",
        "value": "ayeshamaiwand",
        "timestamp": 1582286692
      }
    ]
  },
  {
    "title": "",
    "media_list_data": [
      
    ],
    "string_list_data": [
      {
        "href": "https://www.instagram.com/kaleb.hagen",
        "value": "kaleb.hagen",
        "timestamp": 1581921696
      }
    ]
  },
  {
    "title": "",
    "media_list_data": [
      
    ],
    "string_list_data": [
      {
        "href": "https://www.instagram.com/reneehadleigh",
        "value": "reneehadleigh",
        "timestamp": 1581658266
      }
    ]
  },
  {
    "title": "",
    "media_list_data": [
      
    ],
    "string_list_data": [
      {
        "href": "https://www.instagram.com/decaontariomemes",
        "value": "decaontariomemes",
        "timestamp": 1581567290
      }
    ]
  },
  {
    "title": "",
    "media_list_data": [
      
    ],
    "string_list_data": [
      {
        "href": "https://www.instagram.com/suha_.spam",
        "value": "suha_.spam",
        "timestamp": 1581132824
      }
    ]
  },
  {
    "title": "",
    "media_list_data": [
      
    ],
    "string_list_data": [
      {
        "href": "https://www.instagram.com/jadcherry",
        "value": "jadcherry",
        "timestamp": 1580960177
      }
    ]
  },
  {
    "title": "",
    "media_list_data": [
      
    ],
    "string_list_data": [
      {
        "href": "https://www.instagram.com/gabrielladimo",
        "value": "gabrielladimo",
        "timestamp": 1580948758
      }
    ]
  },
  {
    "title": "",
    "media_list_data": [
      
    ],
    "string_list_data": [
      {
        "href": "https://www.instagram.com/maya_hardowar",
        "value": "maya_hardowar",
        "timestamp": 1580503569
      }
    ]
  },
  {
    "title": "",
    "media_list_data": [
      
    ],
    "string_list_data": [
      {
        "href": "https://www.instagram.com/de_marioknowles",
        "value": "de_marioknowles",
        "timestamp": 1580278639
      }
    ]
  },
  {
    "title": "",
    "media_list_data": [
      
    ],
    "string_list_data": [
      {
        "href": "https://www.instagram.com/inukxx",
        "value": "inukxx",
        "timestamp": 1579906100
      }
    ]
  },
  {
    "title": "",
    "media_list_data": [
      
    ],
    "string_list_data": [
      {
        "href": "https://www.instagram.com/ericagslife",
        "value": "ericagslife",
        "timestamp": 1579666893
      }
    ]
  },
  {
    "title": "",
    "media_list_data": [
      
    ],
    "string_list_data": [
      {
        "href": "https://www.instagram.com/tanisha0505",
        "value": "tanisha0505",
        "timestamp": 1579521928
      }
    ]
  },
  {
    "title": "",
    "media_list_data": [
      
    ],
    "string_list_data": [
      {
        "href": "https://www.instagram.com/rayxhelb",
        "value": "rayxhelb",
        "timestamp": 1579306424
      }
    ]
  },
  {
    "title": "",
    "media_list_data": [
      
    ],
    "string_list_data": [
      {
        "href": "https://www.instagram.com/variety.of.verona",
        "value": "variety.of.verona",
        "timestamp": 1578520820
      }
    ]
  },
  {
    "title": "",
    "media_list_data": [
      
    ],
    "string_list_data": [
      {
        "href": "https://www.instagram.com/chrisy_fam",
        "value": "chrisy_fam",
        "timestamp": 1578072291
      }
    ]
  },
  {
    "title": "",
    "media_list_data": [
      
    ],
    "string_list_data": [
      {
        "href": "https://www.instagram.com/nathanthegreat3",
        "value": "nathanthegreat3",
        "timestamp": 1577812776
      }
    ]
  },
  {
    "title": "",
    "media_list_data": [
      
    ],
    "string_list_data": [
      {
        "href": "https://www.instagram.com/unfollowwwww_____882727738",
        "value": "unfollowwwww_____882727738",
        "timestamp": 1577513046
      }
    ]
  },
  {
    "title": "",
    "media_list_data": [
      
    ],
    "string_list_data": [
      {
        "href": "https://www.instagram.com/parkercapucho",
        "value": "parkercapucho",
        "timestamp": 1576959729
      }
    ]
  },
  {
    "title": "",
    "media_list_data": [
      
    ],
    "string_list_data": [
      {
        "href": "https://www.instagram.com/gabby.taylor4",
        "value": "gabby.taylor4",
        "timestamp": 1575946890
      }
    ]
  },
  {
    "title": "",
    "media_list_data": [
      
    ],
    "string_list_data": [
      {
        "href": "https://www.instagram.com/cam_darlison",
        "value": "cam_darlison",
        "timestamp": 1575602609
      }
    ]
  },
  {
    "title": "",
    "media_list_data": [
      
    ],
    "string_list_data": [
      {
        "href": "https://www.instagram.com/connor_bman",
        "value": "connor_bman",
        "timestamp": 1575404849
      }
    ]
  },
  {
    "title": "",
    "media_list_data": [
      
    ],
    "string_list_data": [
      {
        "href": "https://www.instagram.com/_ramondas_",
        "value": "_ramondas_",
        "timestamp": 1574195502
      }
    ]
  },
  {
    "title": "",
    "media_list_data": [
      
    ],
    "string_list_data": [
      {
        "href": "https://www.instagram.com/xavier.runna",
        "value": "xavier.runna",
        "timestamp": 1573953498
      }
    ]
  },
  {
    "title": "",
    "media_list_data": [
      
    ],
    "string_list_data": [
      {
        "href": "https://www.instagram.com/ericagspam",
        "value": "ericagspam",
        "timestamp": 1573938974
      }
    ]
  },
  {
    "title": "",
    "media_list_data": [
      
    ],
    "string_list_data": [
      {
        "href": "https://www.instagram.com/juliavran",
        "value": "juliavran",
        "timestamp": 1573614290
      }
    ]
  },
  {
    "title": "",
    "media_list_data": [
      
    ],
    "string_list_data": [
      {
        "href": "https://www.instagram.com/farouqalawadi",
        "value": "farouqalawadi",
        "timestamp": 1573402206
      }
    ]
  },
  {
    "title": "",
    "media_list_data": [
      
    ],
    "string_list_data": [
      {
        "href": "https://www.instagram.com/_tatemcg",
        "value": "_tatemcg",
        "timestamp": 1573182064
      }
    ]
  },
  {
    "title": "",
    "media_list_data": [
      
    ],
    "string_list_data": [
      {
        "href": "https://www.instagram.com/gisellelii",
        "value": "gisellelii",
        "timestamp": 1573181750
      }
    ]
  },
  {
    "title": "",
    "media_list_data": [
      
    ],
    "string_list_data": [
      {
        "href": "https://www.instagram.com/_tfee_",
        "value": "_tfee_",
        "timestamp": 1573130523
      }
    ]
  },
  {
    "title": "",
    "media_list_data": [
      
    ],
    "string_list_data": [
      {
        "href": "https://www.instagram.com/vivizmeya",
        "value": "vivizmeya",
        "timestamp": 1572890933
      }
    ]
  },
  {
    "title": "",
    "media_list_data": [
      
    ],
    "string_list_data": [
      {
        "href": "https://www.instagram.com/tyxnnx_",
        "value": "tyxnnx_",
        "timestamp": 1572219946
      }
    ]
  },
  {
    "title": "",
    "media_list_data": [
      
    ],
    "string_list_data": [
      {
        "href": "https://www.instagram.com/gizeiwoa7",
        "value": "gizeiwoa7",
        "timestamp": 1572117014
      }
    ]
  },
  {
    "title": "",
    "media_list_data": [
      
    ],
    "string_list_data": [
      {
        "href": "https://www.instagram.com/diversooctave31",
        "value": "diversooctave31",
        "timestamp": 1572117005
      }
    ]
  },
  {
    "title": "",
    "media_list_data": [
      
    ],
    "string_list_data": [
      {
        "href": "https://www.instagram.com/its.ishan05",
        "value": "its.ishan05",
        "timestamp": 1572112912
      }
    ]
  },
  {
    "title": "",
    "media_list_data": [
      
    ],
    "string_list_data": [
      {
        "href": "https://www.instagram.com/_maya_andersen",
        "value": "_maya_andersen",
        "timestamp": 1572060116
      }
    ]
  },
  {
    "title": "",
    "media_list_data": [
      
    ],
    "string_list_data": [
      {
        "href": "https://www.instagram.com/josh.moyo_",
        "value": "josh.moyo_",
        "timestamp": 1571919684
      }
    ]
  },
  {
    "title": "",
    "media_list_data": [
      
    ],
    "string_list_data": [
      {
        "href": "https://www.instagram.com/nb.lodin_05",
        "value": "nb.lodin_05",
        "timestamp": 1571885932
      }
    ]
  },
  {
    "title": "",
    "media_list_data": [
      
    ],
    "string_list_data": [
      {
        "href": "https://www.instagram.com/connor.beggs05",
        "value": "connor.beggs05",
        "timestamp": 1571707478
      }
    ]
  },
  {
    "title": "",
    "media_list_data": [
      
    ],
    "string_list_data": [
      {
        "href": "https://www.instagram.com/brendanwebb_",
        "value": "brendanwebb_",
        "timestamp": 1571705789
      }
    ]
  },
  {
    "title": "",
    "media_list_data": [
      
    ],
    "string_list_data": [
      {
        "href": "https://www.instagram.com/braedenc26",
        "value": "braedenc26",
        "timestamp": 1571148179
      }
    ]
  },
  {
    "title": "",
    "media_list_data": [
      
    ],
    "string_list_data": [
      {
        "href": "https://www.instagram.com/patriciaotves",
        "value": "patriciaotves",
        "timestamp": 1570912710
      }
    ]
  },
  {
    "title": "",
    "media_list_data": [
      
    ],
    "string_list_data": [
      {
        "href": "https://www.instagram.com/plymouthbj__",
        "value": "plymouthbj__",
        "timestamp": 1570826660
      }
    ]
  },
  {
    "title": "",
    "media_list_data": [
      
    ],
    "string_list_data": [
      {
        "href": "https://www.instagram.com/jaylen___s",
        "value": "jaylen___s",
        "timestamp": 1570822588
      }
    ]
  },
  {
    "title": "",
    "media_list_data": [
      
    ],
    "string_list_data": [
      {
        "href": "https://www.instagram.com/jjessicawalsh",
        "value": "jjessicawalsh",
        "timestamp": 1570591921
      }
    ]
  },
  {
    "title": "",
    "media_list_data": [
      
    ],
    "string_list_data": [
      {
        "href": "https://www.instagram.com/moiz.s__",
        "value": "moiz.s__",
        "timestamp": 1570502974
      }
    ]
  },
  {
    "title": "",
    "media_list_data": [
      
    ],
    "string_list_data": [
      {
        "href": "https://www.instagram.com/llxgh0styxll",
        "value": "llxgh0styxll",
        "timestamp": 1570499141
      }
    ]
  },
  {
    "title": "",
    "media_list_data": [
      
    ],
    "string_list_data": [
      {
        "href": "https://www.instagram.com/taystaxkss",
        "value": "taystaxkss",
        "timestamp": 1570499139
      }
    ]
  },
  {
    "title": "",
    "media_list_data": [
      
    ],
    "string_list_data": [
      {
        "href": "https://www.instagram.com/fluffiy_fortnite",
        "value": "fluffiy_fortnite",
        "timestamp": 1570499137
      }
    ]
  },
  {
    "title": "",
    "media_list_data": [
      
    ],
    "string_list_data": [
      {
        "href": "https://www.instagram.com/btr_plaza",
        "value": "btr_plaza",
        "timestamp": 1570418730
      }
    ]
  },
  {
    "title": "",
    "media_list_data": [
      
    ],
    "string_list_data": [
      {
        "href": "https://www.instagram.com/louiiszn",
        "value": "louiiszn",
        "timestamp": 1570418726
      }
    ]
  },
  {
    "title": "",
    "media_list_data": [
      
    ],
    "string_list_data": [
      {
        "href": "https://www.instagram.com/luke_hollier",
        "value": "luke_hollier",
        "timestamp": 1570298742
      }
    ]
  },
  {
    "title": "",
    "media_list_data": [
      
    ],
    "string_list_data": [
      {
        "href": "https://www.instagram.com/tyjames_13",
        "value": "tyjames_13",
        "timestamp": 1570016138
      }
    ]
  },
  {
    "title": "",
    "media_list_data": [
      
    ],
    "string_list_data": [
      {
        "href": "https://www.instagram.com/bethanybaheer",
        "value": "bethanybaheer",
        "timestamp": 1569981710
      }
    ]
  },
  {
    "title": "",
    "media_list_data": [
      
    ],
    "string_list_data": [
      {
        "href": "https://www.instagram.com/musab_h0720",
        "value": "musab_h0720",
        "timestamp": 1569964591
      }
    ]
  },
  {
    "title": "",
    "media_list_data": [
      
    ],
    "string_list_data": [
      {
        "href": "https://www.instagram.com/_isaacallen_",
        "value": "_isaacallen_",
        "timestamp": 1569931791
      }
    ]
  },
  {
    "title": "",
    "media_list_data": [
      
    ],
    "string_list_data": [
      {
        "href": "https://www.instagram.com/shz.sadaff",
        "value": "shz.sadaff",
        "timestamp": 1569844533
      }
    ]
  },
  {
    "title": "",
    "media_list_data": [
      
    ],
    "string_list_data": [
      {
        "href": "https://www.instagram.com/zaiinsaeed",
        "value": "zaiinsaeed",
        "timestamp": 1569681565
      }
    ]
  },
  {
    "title": "",
    "media_list_data": [
      
    ],
    "string_list_data": [
      {
        "href": "https://www.instagram.com/shruthi.rajesh_",
        "value": "shruthi.rajesh_",
        "timestamp": 1569325314
      }
    ]
  },
  {
    "title": "",
    "media_list_data": [
      
    ],
    "string_list_data": [
      {
        "href": "https://www.instagram.com/smellytoes_ppv",
        "value": "smellytoes_ppv",
        "timestamp": 1569293600
      }
    ]
  },
  {
    "title": "",
    "media_list_data": [
      
    ],
    "string_list_data": [
      {
        "href": "https://www.instagram.com/tinytoes_ppv",
        "value": "tinytoes_ppv",
        "timestamp": 1569203845
      }
    ]
  },
  {
    "title": "",
    "media_list_data": [
      
    ],
    "string_list_data": [
      {
        "href": "https://www.instagram.com/decasinclair",
        "value": "decasinclair",
        "timestamp": 1569085652
      }
    ]
  },
  {
    "title": "",
    "media_list_data": [
      
    ],
    "string_list_data": [
      {
        "href": "https://www.instagram.com/lucastamn2",
        "value": "lucastamn2",
        "timestamp": 1568928769
      }
    ]
  },
  {
    "title": "",
    "media_list_data": [
      
    ],
    "string_list_data": [
      {
        "href": "https://www.instagram.com/wornex_",
        "value": "wornex_",
        "timestamp": 1568918251
      }
    ]
  },
  {
    "title": "",
    "media_list_data": [
      
    ],
    "string_list_data": [
      {
        "href": "https://www.instagram.com/petrakartono",
        "value": "petrakartono",
        "timestamp": 1568858241
      }
    ]
  },
  {
    "title": "",
    "media_list_data": [
      
    ],
    "string_list_data": [
      {
        "href": "https://www.instagram.com/aweeno22",
        "value": "aweeno22",
        "timestamp": 1568258453
      }
    ]
  },
  {
    "title": "",
    "media_list_data": [
      
    ],
    "string_list_data": [
      {
        "href": "https://www.instagram.com/scott.1342",
        "value": "scott.1342",
        "timestamp": 1568230753
      }
    ]
  },
  {
    "title": "",
    "media_list_data": [
      
    ],
    "string_list_data": [
      {
        "href": "https://www.instagram.com/ashtynvran",
        "value": "ashtynvran",
        "timestamp": 1568166087
      }
    ]
  },
  {
    "title": "",
    "media_list_data": [
      
    ],
    "string_list_data": [
      {
        "href": "https://www.instagram.com/ninja_fox77",
        "value": "ninja_fox77",
        "timestamp": 1568002291
      }
    ]
  },
  {
    "title": "",
    "media_list_data": [
      
    ],
    "string_list_data": [
      {
        "href": "https://www.instagram.com/noobio.com13",
        "value": "noobio.com13",
        "timestamp": 1568001761
      }
    ]
  },
  {
    "title": "",
    "media_list_data": [
      
    ],
    "string_list_data": [
      {
        "href": "https://www.instagram.com/world_gamesff",
        "value": "world_gamesff",
        "timestamp": 1568001754
      }
    ]
  },
  {
    "title": "",
    "media_list_data": [
      
    ],
    "string_list_data": [
      {
        "href": "https://www.instagram.com/b1gbuddah24",
        "value": "b1gbuddah24",
        "timestamp": 1568001413
      }
    ]
  },
  {
    "title": "",
    "media_list_data": [
      
    ],
    "string_list_data": [
      {
        "href": "https://www.instagram.com/team_pawn",
        "value": "team_pawn",
        "timestamp": 1568001408
      }
    ]
  },
  {
    "title": "",
    "media_list_data": [
      
    ],
    "string_list_data": [
      {
        "href": "https://www.instagram.com/rektsellsalt",
        "value": "rektsellsalt",
        "timestamp": 1568000922
      }
    ]
  },
  {
    "title": "",
    "media_list_data": [
      
    ],
    "string_list_data": [
      {
        "href": "https://www.instagram.com/ari._.011330",
        "value": "ari._.011330",
        "timestamp": 1567818063
      }
    ]
  },
  {
    "title": "",
    "media_list_data": [
      
    ],
    "string_list_data": [
      {
        "href": "https://www.instagram.com/erik.andersson05",
        "value": "erik.andersson05",
        "timestamp": 1567797599
      }
    ]
  },
  {
    "title": "",
    "media_list_data": [
      
    ],
    "string_list_data": [
      {
        "href": "https://www.instagram.com/gogettttaa",
        "value": "gogettttaa",
        "timestamp": 1566854667
      }
    ]
  },
  {
    "title": "",
    "media_list_data": [
      
    ],
    "string_list_data": [
      {
        "href": "https://www.instagram.com/nolan.cowie",
        "value": "nolan.cowie",
        "timestamp": 1566605210
      }
    ]
  },
  {
    "title": "",
    "media_list_data": [
      
    ],
    "string_list_data": [
      {
        "href": "https://www.instagram.com/legit_verified_accounts",
        "value": "legit_verified_accounts",
        "timestamp": 1566533926
      }
    ]
  },
  {
    "title": "",
    "media_list_data": [
      
    ],
    "string_list_data": [
      {
        "href": "https://www.instagram.com/deadaccount123456790",
        "value": "deadaccount123456790",
        "timestamp": 1562047020
      }
    ]
  },
  {
    "title": "",
    "media_list_data": [
      
    ],
    "string_list_data": [
      {
        "href": "https://www.instagram.com/shammysauto",
        "value": "shammysauto",
        "timestamp": 1559523995
      }
    ]
  },
  {
    "title": "",
    "media_list_data": [
      
    ],
    "string_list_data": [
      {
        "href": "https://www.instagram.com/mehlum_5287",
        "value": "mehlum_5287",
        "timestamp": 1559454758
      }
    ]
  },
  {
    "title": "",
    "media_list_data": [
      
    ],
    "string_list_data": [
      {
        "href": "https://www.instagram.com/nathan_lesser",
        "value": "nathan_lesser",
        "timestamp": 1558576665
      }
    ]
  },
  {
    "title": "",
    "media_list_data": [
      
    ],
    "string_list_data": [
      {
        "href": "https://www.instagram.com/_tristans.spam",
        "value": "_tristans.spam",
        "timestamp": 1557954710
      }
    ]
  },
  {
    "title": "",
    "media_list_data": [
      
    ],
    "string_list_data": [
      {
        "href": "https://www.instagram.com/jackaronowicz",
        "value": "jackaronowicz",
        "timestamp": 1557699612
      }
    ]
  },
  {
    "title": "",
    "media_list_data": [
      
    ],
    "string_list_data": [
      {
        "href": "https://www.instagram.com/spam._.bitch420",
        "value": "spam._.bitch420",
        "timestamp": 1557579698
      }
    ]
  },
  {
    "title": "",
    "media_list_data": [
      
    ],
    "string_list_data": [
      {
        "href": "https://www.instagram.com/bradleyjocelyn_",
        "value": "bradleyjocelyn_",
        "timestamp": 1557230721
      }
    ]
  },
  {
    "title": "",
    "media_list_data": [
      
    ],
    "string_list_data": [
      {
        "href": "https://www.instagram.com/kfkdkdkdkdkkdkdkdkd",
        "value": "kfkdkdkdkdkkdkdkdkd",
        "timestamp": 1556738815
      }
    ]
  },
  {
    "title": "",
    "media_list_data": [
      
    ],
    "string_list_data": [
      {
        "href": "https://www.instagram.com/luciez_spam",
        "value": "luciez_spam",
        "timestamp": 1555689495
      }
    ]
  },
  {
    "title": "",
    "media_list_data": [
      
    ],
    "string_list_data": [
      {
        "href": "https://www.instagram.com/zunairaasimm",
        "value": "zunairaasimm",
        "timestamp": 1553389325
      }
    ]
  },
  {
    "title": "",
    "media_list_data": [
      
    ],
    "string_list_data": [
      {
        "href": "https://www.instagram.com/fgnvjgvf",
        "value": "fgnvjgvf",
        "timestamp": 1552939531
      }
    ]
  },
  {
    "title": "",
    "media_list_data": [
      
    ],
    "string_list_data": [
      {
        "href": "https://www.instagram.com/suhatbh",
        "value": "suhatbh",
        "timestamp": 1552939525
      }
    ]
  },
  {
    "title": "",
    "media_list_data": [
      
    ],
    "string_list_data": [
      {
        "href": "https://www.instagram.com/whyareyouhereleaveunfollowme",
        "value": "whyareyouhereleaveunfollowme",
        "timestamp": 1552874787
      }
    ]
  },
  {
    "title": "",
    "media_list_data": [
      
    ],
    "string_list_data": [
      {
        "href": "https://www.instagram.com/16xcody",
        "value": "16xcody",
        "timestamp": 1552602926
      }
    ]
  },
  {
    "title": "",
    "media_list_data": [
      
    ],
    "string_list_data": [
      {
        "href": "https://www.instagram.com/rizwan_z_",
        "value": "rizwan_z_",
        "timestamp": 1552534002
      }
    ]
  },
  {
    "title": "",
    "media_list_data": [
      
    ],
    "string_list_data": [
      {
        "href": "https://www.instagram.com/joseph._fuoco",
        "value": "joseph._fuoco",
        "timestamp": 1552449344
      }
    ]
  },
  {
    "title": "",
    "media_list_data": [
      
    ],
    "string_list_data": [
      {
        "href": "https://www.instagram.com/munim.k92",
        "value": "munim.k92",
        "timestamp": 1551665482
      }
    ]
  },
  {
    "title": "",
    "media_list_data": [
      
    ],
    "string_list_data": [
      {
        "href": "https://www.instagram.com/avaorlandooo",
        "value": "avaorlandooo",
        "timestamp": 1551534294
      }
    ]
  },
  {
    "title": "",
    "media_list_data": [
      
    ],
    "string_list_data": [
      {
        "href": "https://www.instagram.com/lrz.mrd",
        "value": "lrz.mrd",
        "timestamp": 1550146961
      }
    ]
  },
  {
    "title": "",
    "media_list_data": [
      
    ],
    "string_list_data": [
      {
        "href": "https://www.instagram.com/_ericw578",
        "value": "_ericw578",
        "timestamp": 1550098780
      }
    ]
  },
  {
    "title": "",
    "media_list_data": [
      
    ],
    "string_list_data": [
      {
        "href": "https://www.instagram.com/ttahmidd",
        "value": "ttahmidd",
        "timestamp": 1549166755
      }
    ]
  },
  {
    "title": "",
    "media_list_data": [
      
    ],
    "string_list_data": [
      {
        "href": "https://www.instagram.com/ali.15.6",
        "value": "ali.15.6",
        "timestamp": 1549031529
      }
    ]
  },
  {
    "title": "",
    "media_list_data": [
      
    ],
    "string_list_data": [
      {
        "href": "https://www.instagram.com/haroonrasheed2006_spams",
        "value": "haroonrasheed2006_spams",
        "timestamp": 1548714370
      }
    ]
  },
  {
    "title": "",
    "media_list_data": [
      
    ],
    "string_list_data": [
      {
        "href": "https://www.instagram.com/kyle_thomas11",
        "value": "kyle_thomas11",
        "timestamp": 1548279310
      }
    ]
  },
  {
    "title": "",
    "media_list_data": [
      
    ],
    "string_list_data": [
      {
        "href": "https://www.instagram.com/renovation.exe",
        "value": "renovation.exe",
        "timestamp": 1548123271
      }
    ]
  },
  {
    "title": "",
    "media_list_data": [
      
    ],
    "string_list_data": [
      {
        "href": "https://www.instagram.com/t.r.i.s.t.a.n.n.n",
        "value": "t.r.i.s.t.a.n.n.n",
        "timestamp": 1548123269
      }
    ]
  },
  {
    "title": "",
    "media_list_data": [
      
    ],
    "string_list_data": [
      {
        "href": "https://www.instagram.com/da1ly_memes1",
        "value": "da1ly_memes1",
        "timestamp": 1546309719
      }
    ]
  },
  {
    "title": "",
    "media_list_data": [
      
    ],
    "string_list_data": [
      {
        "href": "https://www.instagram.com/haroonrasheed_2006",
        "value": "haroonrasheed_2006",
        "timestamp": 1546209522
      }
    ]
  },
  {
    "title": "",
    "media_list_data": [
      
    ],
    "string_list_data": [
      {
        "href": "https://www.instagram.com/mehlum528",
        "value": "mehlum528",
        "timestamp": 1545844647
      }
    ]
  },
  {
    "title": "",
    "media_list_data": [
      
    ],
    "string_list_data": [
      {
        "href": "https://www.instagram.com/owenspxm12",
        "value": "owenspxm12",
        "timestamp": 1543237026
      }
    ]
  },
  {
    "title": "",
    "media_list_data": [
      
    ],
    "string_list_data": [
      {
        "href": "https://www.instagram.com/jamesaronowicz",
        "value": "jamesaronowicz",
        "timestamp": 1543085535
      }
    ]
  },
  {
    "title": "",
    "media_list_data": [
      
    ],
    "string_list_data": [
      {
        "href": "https://www.instagram.com/yamenbaradie",
        "value": "yamenbaradie",
        "timestamp": 1542975920
      }
    ]
  },
  {
    "title": "",
    "media_list_data": [
      
    ],
    "string_list_data": [
      {
        "href": "https://www.instagram.com/vareeshax",
        "value": "vareeshax",
        "timestamp": 1542835882
      }
    ]
  },
  {
    "title": "",
    "media_list_data": [
      
    ],
    "string_list_data": [
      {
        "href": "https://www.instagram.com/_kayley.oneil",
        "value": "_kayley.oneil",
        "timestamp": 1540735584
      }
    ]
  },
  {
    "title": "",
    "media_list_data": [
      
    ],
    "string_list_data": [
      {
        "href": "https://www.instagram.com/mithoun.t",
        "value": "mithoun.t",
        "timestamp": 1540333206
      }
    ]
  },
  {
    "title": "",
    "media_list_data": [
      
    ],
    "string_list_data": [
      {
        "href": "https://www.instagram.com/sam.frazer18",
        "value": "sam.frazer18",
        "timestamp": 1539208953
      }
    ]
  },
  {
    "title": "",
    "media_list_data": [
      
    ],
    "string_list_data": [
      {
        "href": "https://www.instagram.com/_amelya.spam23",
        "value": "_amelya.spam23",
        "timestamp": 1538097847
      }
    ]
  },
  {
    "title": "",
    "media_list_data": [
      
    ],
    "string_list_data": [
      {
        "href": "https://www.instagram.com/kayleyoneilll",
        "value": "kayleyoneilll",
        "timestamp": 1535765782
      }
    ]
  },
  {
    "title": "",
    "media_list_data": [
      
    ],
    "string_list_data": [
      {
        "href": "https://www.instagram.com/not.using_this.unfollow",
        "value": "not.using_this.unfollow",
        "timestamp": 1533047767
      }
    ]
  },
  {
    "title": "",
    "media_list_data": [
      
    ],
    "string_list_data": [
      {
        "href": "https://www.instagram.com/_.santhosh",
        "value": "_.santhosh",
        "timestamp": 1532525828
      }
    ]
  },
  {
    "title": "",
    "media_list_data": [
      
    ],
    "string_list_data": [
      {
        "href": "https://www.instagram.com/owen_frazer",
        "value": "owen_frazer",
        "timestamp": 1530367815
      }
    ]
  },
  {
    "title": "",
    "media_list_data": [
      
    ],
    "string_list_data": [
      {
        "href": "https://www.instagram.com/arshanrafid",
        "value": "arshanrafid",
        "timestamp": 1529421400
      }
    ]
  },
  {
    "title": "",
    "media_list_data": [
      
    ],
    "string_list_data": [
      {
        "href": "https://www.instagram.com/potter_harry_wizard_",
        "value": "potter_harry_wizard_",
        "timestamp": 1528938000
      }
    ]
  },
  {
    "title": "",
    "media_list_data": [
      
    ],
    "string_list_data": [
      {
        "href": "https://www.instagram.com/sierra.hammer",
        "value": "sierra.hammer",
        "timestamp": 1526558284
      }
    ]
  },
  {
    "title": "",
    "media_list_data": [
      
    ],
    "string_list_data": [
      {
        "href": "https://www.instagram.com/reid_borg",
        "value": "reid_borg",
        "timestamp": 1526040490
      }
    ]
  },
  {
    "title": "",
    "media_list_data": [
      
    ],
    "string_list_data": [
      {
        "href": "https://www.instagram.com/a.r.e.d.zpam",
        "value": "a.r.e.d.zpam",
        "timestamp": 1525030720
      }
    ]
  },
  {
    "title": "",
    "media_list_data": [
      
    ],
    "string_list_data": [
      {
        "href": "https://www.instagram.com/ali_abboss",
        "value": "ali_abboss",
        "timestamp": 1524870175
      }
    ]
  },
  {
    "title": "",
    "media_list_data": [
      
    ],
    "string_list_data": [
      {
        "href": "https://www.instagram.com/kayley.spamss",
        "value": "kayley.spamss",
        "timestamp": 1524837863
      }
    ]
  },
  {
    "title": "",
    "media_list_data": [
      
    ],
    "string_list_data": [
      {
        "href": "https://www.instagram.com/oliviariley92",
        "value": "oliviariley92",
        "timestamp": 1523739756
      }
    ]
  },
  {
    "title": "",
    "media_list_data": [
      
    ],
    "string_list_data": [
      {
        "href": "https://www.instagram.com/frraheem",
        "value": "frraheem",
        "timestamp": 1520871144
      }
    ]
  },
  {
    "title": "",
    "media_list_data": [
      
    ],
    "string_list_data": [
      {
        "href": "https://www.instagram.com/anas.saqib715",
        "value": "anas.saqib715",
        "timestamp": 1520693434
      }
    ]
  },
  {
    "title": "",
    "media_list_data": [
      
    ],
    "string_list_data": [
      {
        "href": "https://www.instagram.com/elin_chen_122",
        "value": "elin_chen_122",
        "timestamp": 1519350455
      }
    ]
  },
  {
    "title": "",
    "media_list_data": [
      
    ],
    "string_list_data": [
      {
        "href": "https://www.instagram.com/ssantos_amelya",
        "value": "ssantos_amelya",
        "timestamp": 1518932243
      }
    ]
  },
  {
    "title": "",
    "media_list_data": [
      
    ],
    "string_list_data": [
      {
        "href": "https://www.instagram.com/peter213h",
        "value": "peter213h",
        "timestamp": 1518141729
      }
    ]
  },
  {
    "title": "",
    "media_list_data": [
      
    ],
    "string_list_data": [
      {
        "href": "https://www.instagram.com/noah_loader",
        "value": "noah_loader",
        "timestamp": 1518008815
      }
    ]
  },
  {
    "title": "",
    "media_list_data": [
      
    ],
    "string_list_data": [
      {
        "href": "https://www.instagram.com/_bdn_fortnite_",
        "value": "_bdn_fortnite_",
        "timestamp": 1517191691
      }
    ]
  },
  {
    "title": "",
    "media_list_data": [
      
    ],
    "string_list_data": [
      {
        "href": "https://www.instagram.com/yam3n2426",
        "value": "yam3n2426",
        "timestamp": 1515213527
      }
    ]
  },
  {
    "title": "",
    "media_list_data": [
      
    ],
    "string_list_data": [
      {
        "href": "https://www.instagram.com/kayley.oneill",
        "value": "kayley.oneill",
        "timestamp": 1514958691
      }
    ]
  },
  {
    "title": "",
    "media_list_data": [
      
    ],
    "string_list_data": [
      {
        "href": "https://www.instagram.com/keaganmcglynn_",
        "value": "keaganmcglynn_",
        "timestamp": 1514849539
      }
    ]
  },
  {
    "title": "",
    "media_list_data": [
      
    ],
    "string_list_data": [
      {
        "href": "https://www.instagram.com/yamen.b2",
        "value": "yamen.b2",
        "timestamp": 1513905714
      }
    ]
  },
  {
    "title": "",
    "media_list_data": [
      
    ],
    "string_list_data": [
      {
        "href": "https://www.instagram.com/reganleitch_",
        "value": "reganleitch_",
        "timestamp": 1511122842
      }
    ]
  },
  {
    "title": "",
    "media_list_data": [
      
    ],
    "string_list_data": [
      {
        "href": "https://www.instagram.com/madiigannn",
        "value": "madiigannn",
        "timestamp": 1509932968
      }
    ]
  },
  {
    "title": "",
    "media_list_data": [
      
    ],
    "string_list_data": [
      {
        "href": "https://www.instagram.com/alex.sloboda_",
        "value": "alex.sloboda_",
        "timestamp": 1509203307
      }
    ]
  },
  {
    "title": "",
    "media_list_data": [
      
    ],
    "string_list_data": [
      {
        "href": "https://www.instagram.com/kyl3.t",
        "value": "kyl3.t",
        "timestamp": 1508546958
      }
    ]
  },
  {
    "title": "",
    "media_list_data": [
      
    ],
    "string_list_data": [
      {
        "href": "https://www.instagram.com/midan_05or95",
        "value": "midan_05or95",
        "timestamp": 1508328030
      }
    ]
  },
  {
    "title": "",
    "media_list_data": [
      
    ],
    "string_list_data": [
      {
        "href": "https://www.instagram.com/allegra__13",
        "value": "allegra__13",
        "timestamp": 1507940408
      }
    ]
  },
  {
    "title": "",
    "media_list_data": [
      
    ],
    "string_list_data": [
      {
        "href": "https://www.instagram.com/aashir_mallik",
        "value": "aashir_mallik",
        "timestamp": 1507857332
      }
    ]
  },
  {
    "title": "",
    "media_list_data": [
      
    ],
    "string_list_data": [
      {
        "href": "https://www.instagram.com/brooke_taylorrr_",
        "value": "brooke_taylorrr_",
        "timestamp": 1507853805
      }
    ]
  },
  {
    "title": "",
    "media_list_data": [
      
    ],
    "string_list_data": [
      {
        "href": "https://www.instagram.com/skaz_a",
        "value": "skaz_a",
        "timestamp": 1507836757
      }
    ]
  },
  {
    "title": "",
    "media_list_data": [
      
    ],
    "string_list_data": [
      {
        "href": "https://www.instagram.com/patch.lord",
        "value": "patch.lord",
        "timestamp": 1507836497
      }
    ]
  },
  {
    "title": "",
    "media_list_data": [
      
    ],
    "string_list_data": [
      {
        "href": "https://www.instagram.com/prithvi.prabu",
        "value": "prithvi.prabu",
        "timestamp": 1507664085
      }
    ]
  },
  {
    "title": "",
    "media_list_data": [
      
    ],
    "string_list_data": [
      {
        "href": "https://www.instagram.com/madigan.spamzzz",
        "value": "madigan.spamzzz",
        "timestamp": 1507554777
      }
    ]
  },
  {
    "title": "",
    "media_list_data": [
      
    ],
    "string_list_data": [
      {
        "href": "https://www.instagram.com/abby_farrow_",
        "value": "abby_farrow_",
        "timestamp": 1507390648
      }
    ]
  },
  {
    "title": "",
    "media_list_data": [
      
    ],
    "string_list_data": [
      {
        "href": "https://www.instagram.com/sie200527",
        "value": "sie200527",
        "timestamp": 1506905265
      }
    ]
  },
  {
    "title": "",
    "media_list_data": [
      
    ],
    "string_list_data": [
      {
        "href": "https://www.instagram.com/lucas.arsenault6",
        "value": "lucas.arsenault6",
        "timestamp": 1505181018
      }
    ]
  },
  {
    "title": "",
    "media_list_data": [
      
    ],
    "string_list_data": [
      {
        "href": "https://www.instagram.com/deletedd567897",
        "value": "deletedd567897",
        "timestamp": 1505007042
      }
    ]
  },
  {
    "title": "",
    "media_list_data": [
      
    ],
    "string_list_data": [
      {
        "href": "https://www.instagram.com/jamie.spamms05",
        "value": "jamie.spamms05",
        "timestamp": 1504211420
      }
    ]
  },
  {
    "title": "",
    "media_list_data": [
      
    ],
    "string_list_data": [
      {
        "href": "https://www.instagram.com/basketball.highlights.everyday",
        "value": "basketball.highlights.everyday",
        "timestamp": 1502890324
      }
    ]
  },
  {
    "title": "",
    "media_list_data": [
      
    ],
    "string_list_data": [
      {
        "href": "https://www.instagram.com/perfectslimegirls",
        "value": "perfectslimegirls",
        "timestamp": 1502156455
      }
    ]
  },
  {
    "title": "",
    "media_list_data": [
      
    ],
    "string_list_data": [
      {
        "href": "https://www.instagram.com/farz.25",
        "value": "farz.25",
        "timestamp": 1502051661
      }
    ]
  },
  {
    "title": "",
    "media_list_data": [
      
    ],
    "string_list_data": [
      {
        "href": "https://www.instagram.com/zeerak.asim",
        "value": "zeerak.asim",
        "timestamp": 1502038725
      }
    ]
  },
  {
    "title": "",
    "media_list_data": [
      
    ],
    "string_list_data": [
      {
        "href": "https://www.instagram.com/fwzn.h_",
        "value": "fwzn.h_",
        "timestamp": 1501887787
      }
    ]
  },
  {
    "title": "",
    "media_list_data": [
      
    ],
    "string_list_data": [
      {
        "href": "https://www.instagram.com/sid.saqib96",
        "value": "sid.saqib96",
        "timestamp": 1501623124
      }
    ]
  },
  {
    "title": "",
    "media_list_data": [
      
    ],
    "string_list_data": [
      {
        "href": "https://www.instagram.com/learnedfact",
        "value": "learnedfact",
        "timestamp": 1500690156
      }
    ]
  },
  {
    "title": "",
    "media_list_data": [
      
    ],
    "string_list_data": [
      {
        "href": "https://www.instagram.com/alternateuniverseig",
        "value": "alternateuniverseig",
        "timestamp": 1500656784
      }
    ]
  },
  {
    "title": "",
    "media_list_data": [
      
    ],
    "string_list_data": [
      {
        "href": "https://www.instagram.com/sh200527",
        "value": "sh200527",
        "timestamp": 1500309905
      }
    ]
  },
  {
    "title": "",
    "media_list_data": [
      
    ],
    "string_list_data": [
      {
        "href": "https://www.instagram.com/loveallday321",
        "value": "loveallday321",
        "timestamp": 1500136268
      }
    ]
  },
  {
    "title": "",
    "media_list_data": [
      
    ],
    "string_list_data": [
      {
        "href": "https://www.instagram.com/hafsahassan_15",
        "value": "hafsahassan_15",
        "timestamp": 1499976583
      }
    ]
  },
  {
    "title": "",
    "media_list_data": [
      
    ],
    "string_list_data": [
      {
        "href": "https://www.instagram.com/zzz.___.zzz._",
        "value": "zzz.___.zzz._",
        "timestamp": 1499657133
      }
    ]
  },
  {
    "title": "",
    "media_list_data": [
      
    ],
    "string_list_data": [
      {
        "href": "https://www.instagram.com/yahboy.gohan",
        "value": "yahboy.gohan",
        "timestamp": 1499489399
      }
    ]
  },
  {
    "title": "",
    "media_list_data": [
      
    ],
    "string_list_data": [
      {
        "href": "https://www.instagram.com/nathanosaurusrex",
        "value": "nathanosaurusrex",
        "timestamp": 1499181515
      }
    ]
  },
  {
    "title": "",
    "media_list_data": [
      
    ],
    "string_list_data": [
      {
        "href": "https://www.instagram.com/lucie_lafren",
        "value": "lucie_lafren",
        "timestamp": 1499088300
      }
    ]
  },
  {
    "title": "",
    "media_list_data": [
      
    ],
    "string_list_data": [
      {
        "href": "https://www.instagram.com/shamaila3824",
        "value": "shamaila3824",
        "timestamp": 1497659945
      }
    ]
  },
  {
    "title": "",
    "media_list_data": [
      
    ],
    "string_list_data": [
      {
        "href": "https://www.instagram.com/shayaan.h.11",
        "value": "shayaan.h.11",
        "timestamp": 1497404763
      }
    ]
  },
  {
    "title": "",
    "media_list_data": [
      
    ],
    "string_list_data": [
      {
        "href": "https://www.instagram.com/future_zenchan",
        "value": "future_zenchan",
        "timestamp": 1497401329
      }
    ]
  },
  {
    "title": "",
    "media_list_data": [
      
    ],
    "string_list_data": [
      {
        "href": "https://www.instagram.com/smart_taha46",
        "value": "smart_taha46",
        "timestamp": 1496609756
      }
    ]
  },
  {
    "title": "",
    "media_list_data": [
      
    ],
    "string_list_data": [
      {
        "href": "https://www.instagram.com/zubairsaeedd",
        "value": "zubairsaeedd",
        "timestamp": 1495668435
      }
    ]
  },
  {
    "title": "",
    "media_list_data": [
      
    ],
    "string_list_data": [
      {
        "href": "https://www.instagram.com/prod_ymk",
        "value": "prod_ymk",
        "timestamp": 1495149103
      }
    ]
  },
  {
    "title": "",
    "media_list_data": [
      
    ],
    "string_list_data": [
      {
        "href": "https://www.instagram.com/tumbles.kayley",
        "value": "tumbles.kayley",
        "timestamp": 1494633630
      }
    ]
  },
  {
    "title": "",
    "media_list_data": [
      
    ],
    "string_list_data": [
      {
        "href": "https://www.instagram.com/immubahsan",
        "value": "immubahsan",
        "timestamp": 1493840312
      }
    ]
  },
  {
    "title": "",
    "media_list_data": [
      
    ],
    "string_list_data": [
      {
        "href": "https://www.instagram.com/eleshalmiller",
        "value": "eleshalmiller",
        "timestamp": 1493498367
      }
    ]
  },
  {
    "title": "",
    "media_list_data": [
      
    ],
    "string_list_data": [
      {
        "href": "https://www.instagram.com/kaiabourque_",
        "value": "kaiabourque_",
        "timestamp": 1493068032
      }
    ]
  },
  {
    "title": "",
    "media_list_data": [
      
    ],
    "string_list_data": [
      {
        "href": "https://www.instagram.com/bigjplayz",
        "value": "bigjplayz",
        "timestamp": 1492216518
      }
    ]
  },
  {
    "title": "",
    "media_list_data": [
      
    ],
    "string_list_data": [
      {
        "href": "https://www.instagram.com/real_tana_mongeau",
        "value": "real_tana_mongeau",
        "timestamp": 1488688490
      }
    ]
  },
  {
    "title": "",
    "media_list_data": [
      
    ],
    "string_list_data": [
      {
        "href": "https://www.instagram.com/alex_markus_",
        "value": "alex_markus_",
        "timestamp": 1488285169
      }
    ]
  },
  {
    "title": "",
    "media_list_data": [
      
    ],
    "string_list_data": [
      {
        "href": "https://www.instagram.com/that.jacob.robins",
        "value": "that.jacob.robins",
        "timestamp": 1488239041
      }
    ]
  },
  {
    "title": "",
    "media_list_data": [
      
    ],
    "string_list_data": [
      {
        "href": "https://www.instagram.com/samsdriving",
        "value": "samsdriving",
        "timestamp": 1486739459
      }
    ]
  },
  {
    "title": "",
    "media_list_data": [
      
    ],
    "string_list_data": [
      {
        "href": "https://www.instagram.com/nikebosz15",
        "value": "nikebosz15",
        "timestamp": 1485661564
      }
    ]
  },
  {
    "title": "",
    "media_list_data": [
      
    ],
    "string_list_data": [
      {
        "href": "https://www.instagram.com/tsdroneography",
        "value": "tsdroneography",
        "timestamp": 1483880455
      }
    ]
  },
  {
    "title": "",
    "media_list_data": [
      
    ],
    "string_list_data": [
      {
        "href": "https://www.instagram.com/syedbilalhassan.bk",
        "value": "syedbilalhassan.bk",
        "timestamp": 1482836062
      }
    ]
  },
  {
    "title": "",
    "media_list_data": [
      
    ],
    "string_list_data": [
      {
        "href": "https://www.instagram.com/rida.saqib.96",
        "value": "rida.saqib.96",
        "timestamp": 1481690382
      }
    ]
  },
  {
    "title": "",
    "media_list_data": [
      
    ],
    "string_list_data": [
      {
        "href": "https://www.instagram.com/garciajoham",
        "value": "garciajoham",
        "timestamp": 1479343707
      }
    ]
  },
  {
    "title": "",
    "media_list_data": [
      
    ],
    "string_list_data": [
      {
        "href": "https://www.instagram.com/rugfaaze",
        "value": "rugfaaze",
        "timestamp": 1478563030
      }
    ]
  },
  {
    "title": "",
    "media_list_data": [
      
    ],
    "string_list_data": [
      {
        "href": "https://www.instagram.com/magicians1909",
        "value": "magicians1909",
        "timestamp": 1478189739
      }
    ]
  },
  {
    "title": "",
    "media_list_data": [
      
    ],
    "string_list_data": [
      {
        "href": "https://www.instagram.com/anne_star10",
        "value": "anne_star10",
        "timestamp": 1478039714
      }
    ]
  },
  {
    "title": "",
    "media_list_data": [
      
    ],
    "string_list_data": [
      {
        "href": "https://www.instagram.com/javedpathan89897",
        "value": "javedpathan89897",
        "timestamp": 1477945371
      }
    ]
  },
  {
    "title": "",
    "media_list_data": [
      
    ],
    "string_list_data": [
      {
        "href": "https://www.instagram.com/nathanielmurray1575",
        "value": "nathanielmurray1575",
        "timestamp": 1477928685
      }
    ]
  },
  {
    "title": "",
    "media_list_data": [
      
    ],
    "string_list_data": [
      {
        "href": "https://www.instagram.com/merryapplestaff",
        "value": "merryapplestaff",
        "timestamp": 1477357127
      }
    ]
  },
  {
    "title": "",
    "media_list_data": [
      
    ],
    "string_list_data": [
      {
        "href": "https://www.instagram.com/rumfeltappleofficial",
        "value": "rumfeltappleofficial",
        "timestamp": 1477356584
      }
    ]
  },
  {
    "title": "",
    "media_list_data": [
      
    ],
    "string_list_data": [
      {
        "href": "https://www.instagram.com/preminem",
        "value": "preminem",
        "timestamp": 1476841976
      }
    ]
  },
  {
    "title": "",
    "media_list_data": [
      
    ],
    "string_list_data": [
      {
        "href": "https://www.instagram.com/fxrryal",
        "value": "fxrryal",
        "timestamp": 1476072964
      }
    ]
  },
  {
    "title": "",
    "media_list_data": [
      
    ],
    "string_list_data": [
      {
        "href": "https://www.instagram.com/coconutthebengal",
        "value": "coconutthebengal",
        "timestamp": 1476034436
      }
    ]
  },
  {
    "title": "",
    "media_list_data": [
      
    ],
    "string_list_data": [
      {
        "href": "https://www.instagram.com/afuckingcow",
        "value": "afuckingcow",
        "timestamp": 1476030701
      }
    ]
  },
  {
    "title": "",
    "media_list_data": [
      
    ],
    "string_list_data": [
      {
        "href": "https://www.instagram.com/_madstreetofficial",
        "value": "_madstreetofficial",
        "timestamp": 1476018538
      }
    ]
  },
  {
    "title": "",
    "media_list_data": [
      
    ],
    "string_list_data": [
      {
        "href": "https://www.instagram.com/j.omrani42",
        "value": "j.omrani42",
        "timestamp": 1475963692
      }
    ]
  },
  {
    "title": "",
    "media_list_data": [
      
    ],
    "string_list_data": [
      {
        "href": "https://www.instagram.com/aq.u.a",
        "value": "aq.u.a",
        "timestamp": 1475939191
      }
    ]
  },
  {
    "title": "",
    "media_list_data": [
      
    ],
    "string_list_data": [
      {
        "href": "https://www.instagram.com/yahboy.zamasu.gm",
        "value": "yahboy.zamasu.gm",
        "timestamp": 1475870745
      }
    ]
  },
  {
    "title": "",
    "media_list_data": [
      
    ],
    "string_list_data": [
      {
        "href": "https://www.instagram.com/mariam934",
        "value": "mariam934",
        "timestamp": 1475860479
      }
    ]
  },
  {
    "title": "",
    "media_list_data": [
      
    ],
    "string_list_data": [
      {
        "href": "https://www.instagram.com/yt_thetrinityblood",
        "value": "yt_thetrinityblood",
        "timestamp": 1475812964
      }
    ]
  },
  {
    "title": "",
    "media_list_data": [
      
    ],
    "string_list_data": [
      {
        "href": "https://www.instagram.com/_umar.r_",
        "value": "_umar.r_",
        "timestamp": 1475811201
      }
    ]
  }
]