{
  "relationships_follow_requests_received": [
    {
      "title": "",
      "media_list_data": [
        
      ],
      "string_list_data": [
        {
          "href": "https://www.instagram.com/munzz_03",
          "value": "munzz_03",
          "timestamp": 1707073658
        }
      ]
    },
    {
      "title": "",
      "media_list_data": [
        
      ],
      "string_list_data": [
        {
          "href": "https://www.instagram.com/young.___meech",
          "value": "young.___meech",
          "timestamp": 1701370034
        }
      ]
    },
    {
      "title": "",
      "media_list_data": [
        
      ],
      "string_list_data": [
        {
          "href": "https://www.instagram.com/ao.social",
          "value": "ao.social",
          "timestamp": 1693003717
        }
      ]
    },
    {
      "title": "",
      "media_list_data": [
        
      ],
      "string_list_data": [
        {
          "href": "https://www.instagram.com/keb_ba33",
          "value": "keb_ba33",
          "timestamp": 1692839600
        }
      ]
    },
    {
      "title": "",
      "media_list_data": [
        
      ],
      "string_list_data": [
        {
          "href": "https://www.instagram.com/williams_mic234",
          "value": "williams_mic234",
          "timestamp": 1692489209
        }
      ]
    },
    {
      "title": "",
      "media_list_data": [
        
      ],
      "string_list_data": [
        {
          "href": "https://www.instagram.com/moonlight.3vents",
          "value": "moonlight.3vents",
          "timestamp": 1691783669
        }
      ]
    },
    {
      "title": "",
      "media_list_data": [
        
      ],
      "string_list_data": [
        {
          "href": "https://www.instagram.com/musfitcanada",
          "value": "musfitcanada",
          "timestamp": 1680448681
        }
      ]
    },
    {
      "title": "",
      "media_list_data": [
        
      ],
      "string_list_data": [
        {
          "href": "https://www.instagram.com/professional_assignment_projec",
          "value": "professional_assignment_projec",
          "timestamp": 1660927877
        }
      ]
    },
    {
      "title": "",
      "media_list_data": [
        
      ],
      "string_list_data": [
        {
          "href": "https://www.instagram.com/babbanboys__",
          "value": "babbanboys__",
          "timestamp": 1658698994
        }
      ]
    },
    {
      "title": "",
      "media_list_data": [
        
      ],
      "string_list_data": [
        {
          "href": "https://www.instagram.com/party_every_saturday",
          "value": "party_every_saturday",
          "timestamp": 1654173807
        }
      ]
    },
    {
      "title": "",
      "media_list_data": [
        
      ],
      "string_list_data": [
        {
          "href": "https://www.instagram.com/__kyle.melo__26267",
          "value": "__kyle.melo__26267",
          "timestamp": 1649809429
        }
      ]
    },
    {
      "title": "",
      "media_list_data": [
        
      ],
      "string_list_data": [
        {
          "href": "https://www.instagram.com/r4a24",
          "value": "r4a24",
          "timestamp": 1638600188
        }
      ]
    },
    {
      "title": "",
      "media_list_data": [
        
      ],
      "string_list_data": [
        {
          "href": "https://www.instagram.com/ha.rvinder412",
          "value": "ha.rvinder412",
          "timestamp": 1633616346
        }
      ]
    },
    {
      "title": "",
      "media_list_data": [
        
      ],
      "string_list_data": [
        {
          "href": "https://www.instagram.com/bestballclips",
          "value": "bestballclips",
          "timestamp": 1632851635
        }
      ]
    },
    {
      "title": "",
      "media_list_data": [
        
      ],
      "string_list_data": [
        {
          "href": "https://www.instagram.com/shanice_jones_02",
          "value": "shanice_jones_02",
          "timestamp": 1632628858
        }
      ]
    },
    {
      "title": "",
      "media_list_data": [
        
      ],
      "string_list_data": [
        {
          "href": "https://www.instagram.com/mamaxzential",
          "value": "mamaxzential",
          "timestamp": 1631559164
        }
      ]
    },
    {
      "title": "",
      "media_list_data": [
        
      ],
      "string_list_data": [
        {
          "href": "https://www.instagram.com/nba.generation",
          "value": "nba.generation",
          "timestamp": 1630935205
        }
      ]
    },
    {
      "title": "",
      "media_list_data": [
        
      ],
      "string_list_data": [
        {
          "href": "https://www.instagram.com/bouniyababale",
          "value": "bouniyababale",
          "timestamp": 1630456265
        }
      ]
    },
    {
      "title": "",
      "media_list_data": [
        
      ],
      "string_list_data": [
        {
          "href": "https://www.instagram.com/therealxtoxicx",
          "value": "therealxtoxicx",
          "timestamp": 1618452354
        }
      ]
    },
    {
      "title": "",
      "media_list_data": [
        
      ],
      "string_list_data": [
        {
          "href": "https://www.instagram.com/ploaring",
          "value": "ploaring",
          "timestamp": 1615308033
        }
      ]
    }
  ]
}