{
  "relationships_follow_requests_sent": [
    {
      "title": "",
      "media_list_data": [
        
      ],
      "string_list_data": [
        {
          "href": "https://www.instagram.com/prep101",
          "value": "prep101",
          "timestamp": 1713034478
        }
      ]
    },
    {
      "title": "",
      "media_list_data": [
        
      ],
      "string_list_data": [
        {
          "href": "https://www.instagram.com/zestyhutchy13",
          "value": "zestyhutchy13",
          "timestamp": 1575602469
        }
      ]
    },
    {
      "title": "",
      "media_list_data": [
        
      ],
      "string_list_data": [
        {
          "href": "https://www.instagram.com/thiaaccountisdeadwgwkwgwj7374",
          "value": "thiaaccountisdeadwgwkwgwj7374",
          "timestamp": 1575347010
        }
      ]
    },
    {
      "title": "",
      "media_list_data": [
        
      ],
      "string_list_data": [
        {
          "href": "https://www.instagram.com/joshmoyo_",
          "value": "joshmoyo_",
          "timestamp": 1571526707
        }
      ]
    },
    {
      "title": "",
      "media_list_data": [
        
      ],
      "string_list_data": [
        {
          "href": "https://www.instagram.com/unfollow88383",
          "value": "unfollow88383",
          "timestamp": 1567798526
        }
      ]
    },
    {
      "title": "",
      "media_list_data": [
        
      ],
      "string_list_data": [
        {
          "href": "https://www.instagram.com/whitbysend69",
          "value": "whitbysend69",
          "timestamp": 1566885449
        }
      ]
    },
    {
      "title": "",
      "media_list_data": [
        
      ],
      "string_list_data": [
        {
          "href": "https://www.instagram.com/worldsmostrequests",
          "value": "worldsmostrequests",
          "timestamp": 1559851716
        }
      ]
    },
    {
      "title": "",
      "media_list_data": [
        
      ],
      "string_list_data": [
        {
          "href": "https://www.instagram.com/prssbuzz",
          "value": "prssbuzz",
          "timestamp": 1553561228
        }
      ]
    },
    {
      "title": "",
      "media_list_data": [
        
      ],
      "string_list_data": [
        {
          "href": "https://www.instagram.com/sidra.saqib.96",
          "value": "sidra.saqib.96",
          "timestamp": 1544996458
        }
      ]
    },
    {
      "title": "",
      "media_list_data": [
        
      ],
      "string_list_data": [
        {
          "href": "https://www.instagram.com/masonthe_bo55",
          "value": "masonthe_bo55",
          "timestamp": 1498325522
        }
      ]
    },
    {
      "title": "",
      "media_list_data": [
        
      ],
      "string_list_data": [
        {
          "href": "https://www.instagram.com/garretthilbert",
          "value": "garretthilbert",
          "timestamp": 1481286313
        }
      ]
    }
  ]
}