{
  "relationships_unfollowed_users": [
    {
      "title": "",
      "media_list_data": [
        
      ],
      "string_list_data": [
        {
          "href": "https://www.instagram.com/anwar",
          "value": "anwar",
          "timestamp": 1722740871
        }
      ]
    },
    {
      "title": "",
      "media_list_data": [
        
      ],
      "string_list_data": [
        {
          "href": "https://www.instagram.com/f4timaa_memon",
          "value": "f4timaa_memon",
          "timestamp": 1722740163
        }
      ]
    },
    {
      "title": "",
      "media_list_data": [
        
      ],
      "string_list_data": [
        {
          "href": "https://www.instagram.com/jamie.darlison",
          "value": "jamie.darlison",
          "timestamp": 1722618072
        }
      ]
    },
    {
      "title": "",
      "media_list_data": [
        
      ],
      "string_list_data": [
        {
          "href": "https://www.instagram.com/_jackdell",
          "value": "_jackdell",
          "timestamp": 1722583730
        }
      ]
    },
    {
      "title": "",
      "media_list_data": [
        
      ],
      "string_list_data": [
        {
          "href": "https://www.instagram.com/angelinango_",
          "value": "angelinango_",
          "timestamp": 1722583694
        }
      ]
    },
    {
      "title": "",
      "media_list_data": [
        
      ],
      "string_list_data": [
        {
          "href": "https://www.instagram.com/elenimaronitis",
          "value": "elenimaronitis",
          "timestamp": 1722583680
        }
      ]
    },
    {
      "title": "",
      "media_list_data": [
        
      ],
      "string_list_data": [
        {
          "href": "https://www.instagram.com/abbyfarrow1198",
          "value": "abbyfarrow1198",
          "timestamp": 1722583667
        }
      ]
    },
    {
      "title": "",
      "media_list_data": [
        
      ],
      "string_list_data": [
        {
          "href": "https://www.instagram.com/jakedarlison_",
          "value": "jakedarlison_",
          "timestamp": 1722583596
        }
      ]
    },
    {
      "title": "",
      "media_list_data": [
        
      ],
      "string_list_data": [
        {
          "href": "https://www.instagram.com/brxhxm_",
          "value": "brxhxm_",
          "timestamp": 1722583583
        }
      ]
    },
    {
      "title": "",
      "media_list_data": [
        
      ],
      "string_list_data": [
        {
          "href": "https://www.instagram.com/mason.18_",
          "value": "mason.18_",
          "timestamp": 1722583527
        }
      ]
    },
    {
      "title": "",
      "media_list_data": [
        
      ],
      "string_list_data": [
        {
          "href": "https://www.instagram.com/700tee",
          "value": "700tee",
          "timestamp": 1722583513
        }
      ]
    },
    {
      "title": "",
      "media_list_data": [
        
      ],
      "string_list_data": [
        {
          "href": "https://www.instagram.com/guykage",
          "value": "guykage",
          "timestamp": 1722583493
        }
      ]
    },
    {
      "title": "",
      "media_list_data": [
        
      ],
      "string_list_data": [
        {
          "href": "https://www.instagram.com/navleenkaurr_",
          "value": "navleenkaurr_",
          "timestamp": 1722583466
        }
      ]
    },
    {
      "title": "",
      "media_list_data": [
        
      ],
      "string_list_data": [
        {
          "href": "https://www.instagram.com/jack.erickson_",
          "value": "jack.erickson_",
          "timestamp": 1722583453
        }
      ]
    },
    {
      "title": "",
      "media_list_data": [
        
      ],
      "string_list_data": [
        {
          "href": "https://www.instagram.com/mikaylathatch",
          "value": "mikaylathatch",
          "timestamp": 1722583384
        }
      ]
    },
    {
      "title": "",
      "media_list_data": [
        
      ],
      "string_list_data": [
        {
          "href": "https://www.instagram.com/otw2ms",
          "value": "otw2ms",
          "timestamp": 1722583335
        }
      ]
    },
    {
      "title": "",
      "media_list_data": [
        
      ],
      "string_list_data": [
        {
          "href": "https://www.instagram.com/juliaa.lowe",
          "value": "juliaa.lowe",
          "timestamp": 1722583304
        }
      ]
    },
    {
      "title": "",
      "media_list_data": [
        
      ],
      "string_list_data": [
        {
          "href": "https://www.instagram.com/broganmartinn",
          "value": "broganmartinn",
          "timestamp": 1722583289
        }
      ]
    },
    {
      "title": "",
      "media_list_data": [
        
      ],
      "string_list_data": [
        {
          "href": "https://www.instagram.com/calista_gostlin",
          "value": "calista_gostlin",
          "timestamp": 1722583264
        }
      ]
    },
    {
      "title": "",
      "media_list_data": [
        
      ],
      "string_list_data": [
        {
          "href": "https://www.instagram.com/john__oke",
          "value": "john__oke",
          "timestamp": 1722583217
        }
      ]
    },
    {
      "title": "",
      "media_list_data": [
        
      ],
      "string_list_data": [
        {
          "href": "https://www.instagram.com/ontariodeca",
          "value": "ontariodeca",
          "timestamp": 1722583208
        }
      ]
    },
    {
      "title": "",
      "media_list_data": [
        
      ],
      "string_list_data": [
        {
          "href": "https://www.instagram.com/alexsxriche",
          "value": "alexsxriche",
          "timestamp": 1722583187
        }
      ]
    },
    {
      "title": "",
      "media_list_data": [
        
      ],
      "string_list_data": [
        {
          "href": "https://www.instagram.com/da.isy64120",
          "value": "da.isy64120",
          "timestamp": 1722583163
        }
      ]
    },
    {
      "title": "",
      "media_list_data": [
        
      ],
      "string_list_data": [
        {
          "href": "https://www.instagram.com/j.briss_24",
          "value": "j.briss_24",
          "timestamp": 1722583143
        }
      ]
    },
    {
      "title": "",
      "media_list_data": [
        
      ],
      "string_list_data": [
        {
          "href": "https://www.instagram.com/msa.sinclair",
          "value": "msa.sinclair",
          "timestamp": 1722583103
        }
      ]
    },
    {
      "title": "",
      "media_list_data": [
        
      ],
      "string_list_data": [
        {
          "href": "https://www.instagram.com/zbaradie.4",
          "value": "zbaradie.4",
          "timestamp": 1722583064
        }
      ]
    },
    {
      "title": "",
      "media_list_data": [
        
      ],
      "string_list_data": [
        {
          "href": "https://www.instagram.com/sami.suresh_",
          "value": "sami.suresh_",
          "timestamp": 1722583044
        }
      ]
    },
    {
      "title": "",
      "media_list_data": [
        
      ],
      "string_list_data": [
        {
          "href": "https://www.instagram.com/ss.initiative",
          "value": "ss.initiative",
          "timestamp": 1722583016
        }
      ]
    },
    {
      "title": "",
      "media_list_data": [
        
      ],
      "string_list_data": [
        {
          "href": "https://www.instagram.com/hi_tazzy",
          "value": "hi_tazzy",
          "timestamp": 1722582990
        }
      ]
    },
    {
      "title": "",
      "media_list_data": [
        
      ],
      "string_list_data": [
        {
          "href": "https://www.instagram.com/lana_gafoor",
          "value": "lana_gafoor",
          "timestamp": 1722582949
        }
      ]
    },
    {
      "title": "",
      "media_list_data": [
        
      ],
      "string_list_data": [
        {
          "href": "https://www.instagram.com/makaylaa.austinn",
          "value": "makaylaa.austinn",
          "timestamp": 1722582927
        }
      ]
    },
    {
      "title": "",
      "media_list_data": [
        
      ],
      "string_list_data": [
        {
          "href": "https://www.instagram.com/savannah.lb37",
          "value": "savannah.lb37",
          "timestamp": 1722582910
        }
      ]
    },
    {
      "title": "",
      "media_list_data": [
        
      ],
      "string_list_data": [
        {
          "href": "https://www.instagram.com/_jordyn.a",
          "value": "_jordyn.a",
          "timestamp": 1722582899
        }
      ]
    },
    {
      "title": "",
      "media_list_data": [
        
      ],
      "string_list_data": [
        {
          "href": "https://www.instagram.com/haleemah.patel",
          "value": "haleemah.patel",
          "timestamp": 1722582834
        }
      ]
    },
    {
      "title": "",
      "media_list_data": [
        
      ],
      "string_list_data": [
        {
          "href": "https://www.instagram.com/ranya._khan",
          "value": "ranya._khan",
          "timestamp": 1722582518
        }
      ]
    },
    {
      "title": "",
      "media_list_data": [
        
      ],
      "string_list_data": [
        {
          "href": "https://www.instagram.com/sinclairbootyholes",
          "value": "sinclairbootyholes",
          "timestamp": 1722582466
        }
      ]
    },
    {
      "title": "",
      "media_list_data": [
        
      ],
      "string_list_data": [
        {
          "href": "https://www.instagram.com/sinclair_business",
          "value": "sinclair_business",
          "timestamp": 1722582451
        }
      ]
    },
    {
      "title": "",
      "media_list_data": [
        
      ],
      "string_list_data": [
        {
          "href": "https://www.instagram.com/sinclairseniorspirtweek",
          "value": "sinclairseniorspirtweek",
          "timestamp": 1722582440
        }
      ]
    },
    {
      "title": "",
      "media_list_data": [
        
      ],
      "string_list_data": [
        {
          "href": "https://www.instagram.com/liveatsinclair",
          "value": "liveatsinclair",
          "timestamp": 1722582428
        }
      ]
    },
    {
      "title": "",
      "media_list_data": [
        
      ],
      "string_list_data": [
        {
          "href": "https://www.instagram.com/sinclairboysbasketball2022",
          "value": "sinclairboysbasketball2022",
          "timestamp": 1722582423
        }
      ]
    },
    {
      "title": "",
      "media_list_data": [
        
      ],
      "string_list_data": [
        {
          "href": "https://www.instagram.com/sinclair_gradwear_2023",
          "value": "sinclair_gradwear_2023",
          "timestamp": 1722581862
        }
      ]
    },
    {
      "title": "",
      "media_list_data": [
        
      ],
      "string_list_data": [
        {
          "href": "https://www.instagram.com/samcleland11",
          "value": "samcleland11",
          "timestamp": 1722581835
        }
      ]
    },
    {
      "title": "",
      "media_list_data": [
        
      ],
      "string_list_data": [
        {
          "href": "https://www.instagram.com/haniyahaliiii",
          "value": "haniyahaliiii",
          "timestamp": 1722581809
        }
      ]
    },
    {
      "title": "",
      "media_list_data": [
        
      ],
      "string_list_data": [
        {
          "href": "https://www.instagram.com/eric.dilli",
          "value": "eric.dilli",
          "timestamp": 1722581439
        }
      ]
    },
    {
      "title": "",
      "media_list_data": [
        
      ],
      "string_list_data": [
        {
          "href": "https://www.instagram.com/maanas710",
          "value": "maanas710",
          "timestamp": 1722581410
        }
      ]
    },
    {
      "title": "",
      "media_list_data": [
        
      ],
      "string_list_data": [
        {
          "href": "https://www.instagram.com/_edris.lutfi",
          "value": "_edris.lutfi",
          "timestamp": 1722581306
        }
      ]
    },
    {
      "title": "",
      "media_list_data": [
        
      ],
      "string_list_data": [
        {
          "href": "https://www.instagram.com/demetrawaltham",
          "value": "demetrawaltham",
          "timestamp": 1722539455
        }
      ]
    },
    {
      "title": "",
      "media_list_data": [
        
      ],
      "string_list_data": [
        {
          "href": "https://www.instagram.com/ratsh.gupta",
          "value": "ratsh.gupta",
          "timestamp": 1721172302
        }
      ]
    },
    {
      "title": "",
      "media_list_data": [
        
      ],
      "string_list_data": [
        {
          "href": "https://www.instagram.com/wojespn",
          "value": "wojespn",
          "timestamp": 1719886522
        }
      ]
    }
  ]
}