{
  "relationships_dismissed_suggested_users": [
    {
      "title": "",
      "media_list_data": [
        
      ],
      "string_list_data": [
        {
          "href": "https://www.instagram.com/secretlifeofddd",
          "value": "secretlifeofddd",
          "timestamp": 1590965278
        }
      ]
    },
    {
      "title": "",
      "media_list_data": [
        
      ],
      "string_list_data": [
        {
          "href": "https://www.instagram.com/saba_dost_mohamed",
          "value": "saba_dost_mohamed",
          "timestamp": 1556598231
        }
      ]
    },
    {
      "title": "",
      "media_list_data": [
        
      ],
      "string_list_data": [
        {
          "href": "https://www.instagram.com/xox.johnnyorlando",
          "value": "xox.johnnyorlando",
          "timestamp": 1546276281
        }
      ]
    },
    {
      "title": "",
      "media_list_data": [
        
      ],
      "string_list_data": [
        {
          "href": "https://www.instagram.com/uuunnnfffoopwwwlloww",
          "value": "uuunnnfffoopwwwlloww",
          "timestamp": 1546271292
        }
      ]
    },
    {
      "title": "",
      "media_list_data": [
        
      ],
      "string_list_data": [
        {
          "href": "https://www.instagram.com/samannn_789",
          "value": "samannn_789",
          "timestamp": 1545168625
        }
      ]
    }
  ]
}